pdb_file,sequence_id,total_score,clash_score,rama_score,solvation_score,compactness_score,scoring_method
backbone_backbone_0000_proteinmpnn_001.pdb,backbone_backbone_0000_proteinmpnn_001,382.8555203816386,100.0,37.755102040816325,100.0,52.44573464082825,alternative
backbone_backbone_0000_proteinmpnn_002.pdb,backbone_backbone_0000_proteinmpnn_002,381.6800421548808,100.0,26.53061224489796,100.0,83.76824757506782,alternative
backbone_backbone_0000_proteinmpnn_003.pdb,backbone_backbone_0000_proteinmpnn_003,362.5326466914712,100.0,22.448979591836736,100.0,57.71835460743222,alternative
backbone_backbone_0000_proteinmpnn_004.pdb,backbone_backbone_0000_proteinmpnn_004,263.78835926772877,100.0,22.448979591836736,25.13320541381836,9.963368932310583,alternative
backbone_backbone_0000_proteinmpnn_005.pdb,backbone_backbone_0000_proteinmpnn_005,392.40697851638,100.0,38.775510204081634,100.0,68.48742642051505,alternative
backbone_backbone_0000_proteinmpnn_006.pdb,backbone_backbone_0000_proteinmpnn_006,383.58618544418897,100.0,33.6734693877551,100.0,66.15196272511264,alternative
backbone_backbone_0000_proteinmpnn_007.pdb,backbone_backbone_0000_proteinmpnn_007,386.3764511987198,100.0,39.795918367346935,100.0,53.365147295398785,alternative
backbone_backbone_0000_proteinmpnn_008.pdb,backbone_backbone_0000_proteinmpnn_008,368.6104481932387,100.0,15.306122448979592,100.0,91.3025290395386,alternative
backbone_backbone_0001_proteinmpnn_001.pdb,backbone_backbone_0001_proteinmpnn_001,366.4228554118529,100.0,27.55102040816326,100.0,50.19264959921601,alternative
backbone_backbone_0001_proteinmpnn_002.pdb,backbone_backbone_0001_proteinmpnn_002,366.48322079073523,100.0,26.53061224489796,100.0,53.3746048467766,alternative
backbone_backbone_0001_proteinmpnn_003.pdb,backbone_backbone_0001_proteinmpnn_003,413.937954103795,100.0,42.857142857142854,100.0,99.3044796361614,alternative
backbone_backbone_0001_proteinmpnn_004.pdb,backbone_backbone_0001_proteinmpnn_004,357.033604530318,100.0,29.591836734693878,92.7347183227539,39.822262211046464,alternative
backbone_backbone_0001_proteinmpnn_005.pdb,backbone_backbone_0001_proteinmpnn_005,361.75310725710193,100.0,25.510204081632654,100.0,46.975602269305945,alternative
backbone_backbone_0001_proteinmpnn_006.pdb,backbone_backbone_0001_proteinmpnn_006,290.45443600551323,100.0,25.510204081632654,43.23967361450195,17.89891253712457,alternative
backbone_backbone_0001_proteinmpnn_007.pdb,backbone_backbone_0001_proteinmpnn_007,339.74781422134686,100.0,29.591836734693878,78.3905029296875,33.93911237923709,alternative
backbone_backbone_0001_proteinmpnn_008.pdb,backbone_backbone_0001_proteinmpnn_008,343.087549658208,100.0,24.489795918367346,87.00492858886719,38.6958543835796,alternative
backbone_backbone_0002_proteinmpnn_001.pdb,backbone_backbone_0002_proteinmpnn_001,358.91736997953825,100.0,22.448979591836736,100.0,50.487801183566305,alternative
backbone_backbone_0002_proteinmpnn_002.pdb,backbone_backbone_0002_proteinmpnn_002,341.4076096802499,100.0,19.387755102040817,92.37481689453125,39.902320265314906,alternative
backbone_backbone_0002_proteinmpnn_003.pdb,backbone_backbone_0002_proteinmpnn_003,380.4892856975248,100.0,34.69387755102041,100.0,56.896938741988365,alternative
backbone_backbone_0002_proteinmpnn_004.pdb,backbone_backbone_0002_proteinmpnn_004,360.4388114528135,100.0,26.53061224489796,99.90402221679688,41.47774173733941,alternative
backbone_backbone_0002_proteinmpnn_005.pdb,backbone_backbone_0002_proteinmpnn_005,309.3415928462085,100.0,25.510204081632654,58.66620635986328,24.82016072779253,alternative
backbone_backbone_0002_proteinmpnn_006.pdb,backbone_backbone_0002_proteinmpnn_006,323.2954318118486,100.0,22.448979591836736,73.60564422607422,32.03263639603849,alternative
backbone_backbone_0002_proteinmpnn_007.pdb,backbone_backbone_0002_proteinmpnn_007,320.01838356709095,100.0,19.387755102040817,74.91421508789062,32.04507165227818,alternative
backbone_backbone_0002_proteinmpnn_008.pdb,backbone_backbone_0002_proteinmpnn_008,318.4600667473172,100.0,26.53061224489796,64.86965942382812,27.588977912284314,alternative
backbone_backbone_0003_proteinmpnn_001.pdb,backbone_backbone_0003_proteinmpnn_001,292.1065580576704,100.0,32.6530612244898,35.46763229370117,15.318667854468979,alternative
backbone_backbone_0003_proteinmpnn_002.pdb,backbone_backbone_0003_proteinmpnn_002,366.38347241632226,100.0,32.6530612244898,95.98233795166016,42.84308525585486,alternative
backbone_backbone_0003_proteinmpnn_003.pdb,backbone_backbone_0003_proteinmpnn_003,341.55547551967146,100.0,35.714285714285715,72.4697265625,31.028640771485822,alternative
backbone_backbone_0003_proteinmpnn_004.pdb,backbone_backbone_0003_proteinmpnn_004,248.73347521338488,100.0,20.408163265306122,15.236915588378906,5.768629454093556,alternative
backbone_backbone_0003_proteinmpnn_005.pdb,backbone_backbone_0003_proteinmpnn_005,277.6774718494357,100.0,29.591836734693878,27.39495849609375,11.789516502602183,alternative
backbone_backbone_0003_proteinmpnn_006.pdb,backbone_backbone_0003_proteinmpnn_006,301.5852508286449,100.0,31.63265306122449,44.323726654052734,19.625089165510897,alternative
backbone_backbone_0003_proteinmpnn_007.pdb,backbone_backbone_0003_proteinmpnn_007,414.2857142857143,100.0,42.857142857142854,100.0,100.0,alternative
backbone_backbone_0003_proteinmpnn_008.pdb,backbone_backbone_0003_proteinmpnn_008,340.7151351135815,100.0,34.69387755102041,73.28473663330078,30.779164307500217,alternative
backbone_backbone_0004_proteinmpnn_001.pdb,backbone_backbone_0004_proteinmpnn_001,339.2761884891383,100.0,15.306122448979592,95.77684783935547,41.08031395262687,alternative
backbone_backbone_0004_proteinmpnn_002.pdb,backbone_backbone_0004_proteinmpnn_002,249.0632273546923,100.0,23.46938775510204,11.825560569763184,4.067170304552037,alternative
backbone_backbone_0004_proteinmpnn_003.pdb,backbone_backbone_0004_proteinmpnn_003,270.13250780316713,100.0,26.53061224489796,25.32358169555664,10.026015480527107,alternative
backbone_backbone_0004_proteinmpnn_004.pdb,backbone_backbone_0004_proteinmpnn_004,271.99644331853244,100.0,36.734693877551024,14.346647262573242,5.095510479265404,alternative
backbone_backbone_0004_proteinmpnn_005.pdb,backbone_backbone_0004_proteinmpnn_005,320.74214771036674,100.0,28.57142857142857,64.1953125,27.37938470644764,alternative
backbone_backbone_0004_proteinmpnn_006.pdb,backbone_backbone_0004_proteinmpnn_006,304.1494404766484,100.0,21.428571428571427,60.47395324707031,23.065260173442024,alternative
backbone_backbone_0004_proteinmpnn_007.pdb,backbone_backbone_0004_proteinmpnn_007,285.9628708017658,100.0,37.755102040816325,24.448867797851562,9.762699885379543,alternative
backbone_backbone_0004_proteinmpnn_008.pdb,backbone_backbone_0004_proteinmpnn_008,365.1023873677979,100.0,31.63265306122449,97.29276275634766,40.721290039227064,alternative
backbone_backbone_0005_proteinmpnn_001.pdb,backbone_backbone_0005_proteinmpnn_001,373.1744954657299,100.0,31.63265306122449,100.0,51.45103174778628,alternative
backbone_backbone_0005_proteinmpnn_002.pdb,backbone_backbone_0005_proteinmpnn_002,362.1364336026175,100.0,18.367346938775512,100.0,69.1708263889085,alternative
backbone_backbone_0005_proteinmpnn_003.pdb,backbone_backbone_0005_proteinmpnn_003,373.0890736215959,100.0,33.6734693877551,100.0,45.157739079926515,alternative
backbone_backbone_0005_proteinmpnn_004.pdb,backbone_backbone_0005_proteinmpnn_004,382.9183410612899,100.0,36.734693877551024,100.0,55.63260048992679,alternative
backbone_backbone_0005_proteinmpnn_005.pdb,backbone_backbone_0005_proteinmpnn_005,354.53597871255835,100.0,21.428571428571427,100.0,44.78624313940251,alternative
backbone_backbone_0005_proteinmpnn_006.pdb,backbone_backbone_0005_proteinmpnn_006,374.18227582825534,100.0,32.6530612244898,100.0,50.40536798304124,alternative
backbone_backbone_0005_proteinmpnn_007.pdb,backbone_backbone_0005_proteinmpnn_007,380.98166128718407,100.0,22.448979591836736,100.0,94.61638379885791,alternative
backbone_backbone_0005_proteinmpnn_008.pdb,backbone_backbone_0005_proteinmpnn_008,377.43288323103025,100.0,25.510204081632654,100.0,78.3351542171626,alternative
backbone_backbone_0006_proteinmpnn_001.pdb,backbone_backbone_0006_proteinmpnn_001,290.7499950078073,100.0,45.91836734693878,18.64803123474121,6.4488255053158134,alternative
backbone_backbone_0006_proteinmpnn_002.pdb,backbone_backbone_0006_proteinmpnn_002,283.79275333852576,100.0,15.306122448979592,50.06499481201172,21.537149706089316,alternative
backbone_backbone_0006_proteinmpnn_003.pdb,backbone_backbone_0006_proteinmpnn_003,334.32817342635076,100.0,17.346938775510203,89.29071807861328,38.034094368944324,alternative
backbone_backbone_0006_proteinmpnn_004.pdb,backbone_backbone_0006_proteinmpnn_004,293.9301845681953,100.0,45.91836734693878,21.354915618896484,7.395435857781156,alternative
backbone_backbone_0006_proteinmpnn_005.pdb,backbone_backbone_0006_proteinmpnn_005,294.8221845856164,100.0,50.0,17.174055099487305,5.296258972258203,alternative
backbone_backbone_0006_proteinmpnn_006.pdb,backbone_backbone_0006_proteinmpnn_006,284.530856136189,100.0,28.57142857142857,35.05569076538086,13.236045027330585,alternative
backbone_backbone_0006_proteinmpnn_007.pdb,backbone_backbone_0006_proteinmpnn_007,270.3324140274228,100.0,28.57142857142857,23.102127075195312,8.746288190169095,alternative
backbone_backbone_0006_proteinmpnn_008.pdb,backbone_backbone_0006_proteinmpnn_008,287.19093481825485,100.0,42.857142857142854,19.658212661743164,6.494015741594794,alternative
backbone_backbone_0007_proteinmpnn_001.pdb,backbone_backbone_0007_proteinmpnn_001,384.1521527375778,100.0,25.510204081632654,100.0,91.7736932302576,alternative
backbone_backbone_0007_proteinmpnn_002.pdb,backbone_backbone_0007_proteinmpnn_002,368.9906143323073,100.0,23.46938775510204,100.0,67.57306539930843,alternative
backbone_backbone_0007_proteinmpnn_003.pdb,backbone_backbone_0007_proteinmpnn_003,370.4623346506842,100.0,22.448979591836736,100.0,73.57773052585826,alternative
backbone_backbone_0007_proteinmpnn_004.pdb,backbone_backbone_0007_proteinmpnn_004,374.3101656914868,100.0,31.63265306122449,100.0,53.72237219930016,alternative
backbone_backbone_0007_proteinmpnn_005.pdb,backbone_backbone_0007_proteinmpnn_005,360.0461841156985,100.0,22.448979591836736,100.0,52.745429455886736,alternative
backbone_backbone_0007_proteinmpnn_006.pdb,backbone_backbone_0007_proteinmpnn_006,375.2759443053922,100.0,23.46938775510204,100.0,80.14372534547827,alternative
backbone_backbone_0007_proteinmpnn_007.pdb,backbone_backbone_0007_proteinmpnn_007,365.8410033824368,100.0,21.428571428571427,100.0,67.39629247915936,alternative
backbone_backbone_0007_proteinmpnn_008.pdb,backbone_backbone_0007_proteinmpnn_008,385.0628166873144,100.0,23.46938775510204,100.0,99.71747010932272,alternative
backbone_backbone_0008_proteinmpnn_001.pdb,backbone_backbone_0008_proteinmpnn_001,362.8303351602597,100.0,24.489795918367346,100.0,52.19128256541735,alternative
backbone_backbone_0008_proteinmpnn_002.pdb,backbone_backbone_0008_proteinmpnn_002,351.15894634339793,100.0,19.387755102040817,100.0,44.15462738067347,alternative
backbone_backbone_0008_proteinmpnn_003.pdb,backbone_backbone_0008_proteinmpnn_003,341.1470224508116,100.0,24.489795918367346,85.93852233886719,36.94761246878677,alternative
backbone_backbone_0008_proteinmpnn_004.pdb,backbone_backbone_0008_proteinmpnn_004,290.8657265687749,100.0,19.387755102040817,50.87620544433594,21.81577694275553,alternative
backbone_backbone_0008_proteinmpnn_005.pdb,backbone_backbone_0008_proteinmpnn_005,375.09254942808093,100.0,33.6734693877551,100.0,49.16469069289651,alternative
backbone_backbone_0008_proteinmpnn_006.pdb,backbone_backbone_0008_proteinmpnn_006,318.2640578830084,100.0,14.285714285714285,79.14591217041016,35.379148568053516,alternative
backbone_backbone_0008_proteinmpnn_007.pdb,backbone_backbone_0008_proteinmpnn_007,380.4920634960074,100.0,33.6734693877551,100.0,59.96371882874946,alternative
backbone_backbone_0008_proteinmpnn_008.pdb,backbone_backbone_0008_proteinmpnn_008,320.548821281281,100.0,20.408163265306122,74.05329895019531,31.766554866253017,alternative
backbone_backbone_0009_proteinmpnn_001.pdb,backbone_backbone_0009_proteinmpnn_001,342.03649312793283,100.0,47.95918367346938,58.17701721191406,23.84140081162934,alternative
backbone_backbone_0009_proteinmpnn_002.pdb,backbone_backbone_0009_proteinmpnn_002,291.73788093019647,100.0,16.3265306122449,57.145606994628906,20.204956034400404,alternative
backbone_backbone_0009_proteinmpnn_003.pdb,backbone_backbone_0009_proteinmpnn_003,373.6716149426993,100.0,27.55102040816326,100.0,64.6901686609088,alternative
backbone_backbone_0009_proteinmpnn_004.pdb,backbone_backbone_0009_proteinmpnn_004,396.06841210119194,100.0,50.0,99.88953399658203,42.35775620921976,alternative
backbone_backbone_0009_proteinmpnn_005.pdb,backbone_backbone_0009_proteinmpnn_005,350.4102675413032,100.0,33.6734693877551,82.025390625,35.74934566934112,alternative
backbone_backbone_0009_proteinmpnn_006.pdb,backbone_backbone_0009_proteinmpnn_006,281.30917209000273,100.0,39.795918367346935,18.215559005737305,6.799471066490019,alternative
backbone_backbone_0009_proteinmpnn_007.pdb,backbone_backbone_0009_proteinmpnn_007,385.73389519270756,100.0,36.734693877551024,100.0,61.26370875276217,alternative
backbone_backbone_0009_proteinmpnn_008.pdb,backbone_backbone_0009_proteinmpnn_008,301.01383841662926,100.0,35.714285714285715,39.70689010620117,15.471039477999044,alternative
backbone_backbone_0010_proteinmpnn_001.pdb,backbone_backbone_0010_proteinmpnn_001,325.6996268787895,100.0,18.367346938775512,82.0215072631836,32.25419841488527,alternative
backbone_backbone_0010_proteinmpnn_002.pdb,backbone_backbone_0010_proteinmpnn_002,281.4091634508463,100.0,16.3265306122449,47.81067657470703,18.21738191554384,alternative
backbone_backbone_0010_proteinmpnn_003.pdb,backbone_backbone_0010_proteinmpnn_003,368.2656953036619,100.0,13.26530612244898,100.0,96.73547223997684,alternative
backbone_backbone_0010_proteinmpnn_004.pdb,backbone_backbone_0010_proteinmpnn_004,361.7544271875896,100.0,20.408163265306122,100.0,62.28436457926085,alternative
backbone_backbone_0010_proteinmpnn_005.pdb,backbone_backbone_0010_proteinmpnn_005,296.69812288449225,100.0,22.448979591836736,53.309810638427734,19.429685716618835,alternative
backbone_backbone_0010_proteinmpnn_006.pdb,backbone_backbone_0010_proteinmpnn_006,409.714305550173,100.0,45.91836734693878,100.0,81.67350905952961,alternative
backbone_backbone_0010_proteinmpnn_007.pdb,backbone_backbone_0010_proteinmpnn_007,363.4466216285267,100.0,19.387755102040817,100.0,68.72997795093107,alternative
backbone_backbone_0010_proteinmpnn_008.pdb,backbone_backbone_0010_proteinmpnn_008,293.27917314195054,100.0,27.55102040816326,43.83806228637695,16.229160486657435,alternative
backbone_backbone_0011_proteinmpnn_001.pdb,backbone_backbone_0011_proteinmpnn_001,364.3251480445569,100.0,24.489795918367346,100.0,55.18090833401171,alternative
backbone_backbone_0011_proteinmpnn_002.pdb,backbone_backbone_0011_proteinmpnn_002,290.2215040891486,100.0,28.57142857142857,39.3101806640625,16.10836113588641,alternative
backbone_backbone_0011_proteinmpnn_003.pdb,backbone_backbone_0011_proteinmpnn_003,381.78511248213465,100.0,31.63265306122449,100.0,68.67226578059584,alternative
backbone_backbone_0011_proteinmpnn_004.pdb,backbone_backbone_0011_proteinmpnn_004,378.98571691184713,100.0,32.6530612244898,100.0,60.01225015022483,alternative
backbone_backbone_0011_proteinmpnn_005.pdb,backbone_backbone_0011_proteinmpnn_005,394.0713849995168,100.0,31.63265306122449,100.0,93.24481081536015,alternative
backbone_backbone_0011_proteinmpnn_006.pdb,backbone_backbone_0011_proteinmpnn_006,373.79183695228727,100.0,29.591836734693878,100.0,58.8081637004929,alternative
backbone_backbone_0011_proteinmpnn_007.pdb,backbone_backbone_0011_proteinmpnn_007,392.5370900927677,100.0,31.63265306122449,100.0,90.17622100186196,alternative
backbone_backbone_0011_proteinmpnn_008.pdb,backbone_backbone_0011_proteinmpnn_008,362.49169345528395,100.0,9.183673469387756,100.0,97.43236650240462,alternative
backbone_backbone_0012_proteinmpnn_001.pdb,backbone_backbone_0012_proteinmpnn_001,374.5444349960352,100.0,19.387755102040817,100.0,90.92560468594792,alternative
backbone_backbone_0012_proteinmpnn_002.pdb,backbone_backbone_0012_proteinmpnn_002,347.99458418408483,100.0,11.224489795918368,100.0,62.3156989804145,alternative
backbone_backbone_0012_proteinmpnn_003.pdb,backbone_backbone_0012_proteinmpnn_003,358.1072190382267,100.0,25.510204081632654,99.89644622802734,39.890933375500715,alternative
backbone_backbone_0012_proteinmpnn_004.pdb,backbone_backbone_0012_proteinmpnn_004,354.9129141448626,100.0,22.448979591836736,100.0,42.47888951421498,alternative
backbone_backbone_0012_proteinmpnn_005.pdb,backbone_backbone_0012_proteinmpnn_005,366.34766177327487,100.0,28.57142857142857,100.0,46.98103783226391,alternative
backbone_backbone_0012_proteinmpnn_006.pdb,backbone_backbone_0012_proteinmpnn_006,350.0321456007675,100.0,17.346938775510203,100.0,48.02347487500431,alternative
backbone_backbone_0012_proteinmpnn_007.pdb,backbone_backbone_0012_proteinmpnn_007,285.45952977137847,100.0,25.510204081632654,39.63684844970703,15.114750398444873,alternative
backbone_backbone_0012_proteinmpnn_008.pdb,backbone_backbone_0012_proteinmpnn_008,365.24485569112846,100.0,26.53061224489796,100.0,50.89787464756307,alternative
backbone_backbone_0013_proteinmpnn_001.pdb,backbone_backbone_0013_proteinmpnn_001,390.450263186851,100.0,32.6530612244898,100.0,82.94134270023258,alternative
backbone_backbone_0013_proteinmpnn_002.pdb,backbone_backbone_0013_proteinmpnn_002,373.95285257208957,100.0,22.448979591836736,100.0,80.55876636866888,alternative
backbone_backbone_0013_proteinmpnn_003.pdb,backbone_backbone_0013_proteinmpnn_003,373.072000008811,100.0,22.448979591836736,100.0,78.79706124211184,alternative
backbone_backbone_0013_proteinmpnn_004.pdb,backbone_backbone_0013_proteinmpnn_004,366.2181176493463,100.0,12.244897959183673,100.0,95.7015414211415,alternative
backbone_backbone_0013_proteinmpnn_005.pdb,backbone_backbone_0013_proteinmpnn_005,249.616387252753,100.0,31.63265306122449,1.172717809677124,1.9893797024782136,alternative
backbone_backbone_0013_proteinmpnn_006.pdb,backbone_backbone_0013_proteinmpnn_006,322.2738309583882,100.0,20.408163265306122,75.25260925292969,32.81795361499876,alternative
backbone_backbone_0013_proteinmpnn_007.pdb,backbone_backbone_0013_proteinmpnn_007,291.6245279327922,100.0,30.612244897959183,38.377967834472656,14.656385502761498,alternative
backbone_backbone_0013_proteinmpnn_008.pdb,backbone_backbone_0013_proteinmpnn_008,363.00870979900407,100.0,27.55102040816326,100.0,43.36435837351839,alternative
backbone_backbone_0014_proteinmpnn_001.pdb,backbone_backbone_0014_proteinmpnn_001,300.2892792637589,100.0,28.57142857142857,48.343814849853516,18.17664311352496,alternative
backbone_backbone_0014_proteinmpnn_002.pdb,backbone_backbone_0014_proteinmpnn_002,360.13188721333637,100.0,23.46938775510204,100.0,49.855611161366596,alternative
backbone_backbone_0014_proteinmpnn_003.pdb,backbone_backbone_0014_proteinmpnn_003,260.6602768283659,100.0,26.53061224489796,17.419334411621094,6.890048098795817,alternative
backbone_backbone_0014_proteinmpnn_004.pdb,backbone_backbone_0014_proteinmpnn_004,256.3397511668722,100.0,32.6530612244898,6.451973915100098,1.8163708300747583,alternative
backbone_backbone_0014_proteinmpnn_005.pdb,backbone_backbone_0014_proteinmpnn_005,262.53823292920777,100.0,26.53061224489796,18.846189498901367,7.792250125918884,alternative
backbone_backbone_0014_proteinmpnn_006.pdb,backbone_backbone_0014_proteinmpnn_006,266.0187777134611,100.0,34.69387755102041,11.873260498046875,4.2094017777671775,alternative
backbone_backbone_0014_proteinmpnn_007.pdb,backbone_backbone_0014_proteinmpnn_007,255.72409377916136,100.0,27.55102040816326,12.103300094604492,4.5885261446240095,alternative
backbone_backbone_0014_proteinmpnn_008.pdb,backbone_backbone_0014_proteinmpnn_008,368.4317911439474,100.0,40.816326530612244,87.45805358886719,39.49849551832365,alternative
backbone_backbone_0015_proteinmpnn_001.pdb,backbone_backbone_0015_proteinmpnn_001,372.9591836734694,100.0,15.306122448979592,100.0,100.0,alternative
backbone_backbone_0015_proteinmpnn_002.pdb,backbone_backbone_0015_proteinmpnn_002,338.24449268319665,100.0,27.55102040816326,81.55785369873047,30.72021674444257,alternative
backbone_backbone_0015_proteinmpnn_003.pdb,backbone_backbone_0015_proteinmpnn_003,354.77859509952225,100.0,16.3265306122449,100.0,60.57759836230976,alternative
backbone_backbone_0015_proteinmpnn_004.pdb,backbone_backbone_0015_proteinmpnn_004,372.9883737456193,100.0,17.346938775510203,100.0,93.93593116470802,alternative
backbone_backbone_0015_proteinmpnn_005.pdb,backbone_backbone_0015_proteinmpnn_005,379.0444337480965,100.0,28.57142857142857,100.0,72.37458178190714,alternative
backbone_backbone_0015_proteinmpnn_006.pdb,backbone_backbone_0015_proteinmpnn_006,387.2416458725993,100.0,34.69387755102041,100.0,70.40165909213734,alternative
backbone_backbone_0015_proteinmpnn_007.pdb,backbone_backbone_0015_proteinmpnn_007,267.7265741632388,100.0,32.6530612244898,16.125293731689453,5.243377189629289,alternative
backbone_backbone_0015_proteinmpnn_008.pdb,backbone_backbone_0015_proteinmpnn_008,331.108994481438,100.0,35.714285714285715,65.60596466064453,23.863202498729777,alternative
backbone_backbone_0016_proteinmpnn_001.pdb,backbone_backbone_0016_proteinmpnn_001,368.4015056827428,100.0,24.489795918367346,100.0,63.3336236103836,alternative
backbone_backbone_0016_proteinmpnn_002.pdb,backbone_backbone_0016_proteinmpnn_002,373.6502153965021,100.0,33.6734693877551,100.0,46.2800226297389,alternative
backbone_backbone_0016_proteinmpnn_003.pdb,backbone_backbone_0016_proteinmpnn_003,390.2221527952081,100.0,30.612244897959183,100.0,88.60757089653863,alternative
backbone_backbone_0016_proteinmpnn_004.pdb,backbone_backbone_0016_proteinmpnn_004,373.29015334466817,100.0,23.46938775510204,100.0,76.17214342403025,alternative
backbone_backbone_0016_proteinmpnn_005.pdb,backbone_backbone_0016_proteinmpnn_005,296.5051516422373,100.0,27.55102040816326,46.14522933959961,18.066783380785644,alternative
backbone_backbone_0016_proteinmpnn_006.pdb,backbone_backbone_0016_proteinmpnn_006,381.9533345911202,100.0,22.448979591836736,100.0,96.5597304067302,alternative
backbone_backbone_0016_proteinmpnn_007.pdb,backbone_backbone_0016_proteinmpnn_007,279.1833828867395,100.0,33.6734693877551,24.333444595336914,8.679468419539777,alternative
backbone_backbone_0016_proteinmpnn_008.pdb,backbone_backbone_0016_proteinmpnn_008,363.58049174230206,100.0,10.204081632653061,100.0,96.54873858664492,alternative
backbone_backbone_0017_proteinmpnn_001.pdb,backbone_backbone_0017_proteinmpnn_001,348.9197057575692,100.0,21.428571428571427,96.24662780761719,41.060441614189855,alternative
backbone_backbone_0017_proteinmpnn_002.pdb,backbone_backbone_0017_proteinmpnn_002,313.6150591866475,100.0,13.26530612244898,78.43131256103516,30.571574883877712,alternative
backbone_backbone_0017_proteinmpnn_003.pdb,backbone_backbone_0017_proteinmpnn_003,389.7959183673469,100.0,26.53061224489796,100.0,100.0,alternative
backbone_backbone_0017_proteinmpnn_004.pdb,backbone_backbone_0017_proteinmpnn_004,316.89098055020366,100.0,14.285714285714285,79.81419372558594,31.296430792092515,alternative
backbone_backbone_0017_proteinmpnn_005.pdb,backbone_backbone_0017_proteinmpnn_005,362.2448979591837,100.0,8.16326530612245,100.0,100.0,alternative
backbone_backbone_0017_proteinmpnn_006.pdb,backbone_backbone_0017_proteinmpnn_006,375.0034164190503,100.0,23.46938775510204,100.0,79.59866957279448,alternative
backbone_backbone_0017_proteinmpnn_007.pdb,backbone_backbone_0017_proteinmpnn_007,364.4539793180599,100.0,19.387755102040817,100.0,70.74469332999739,alternative
backbone_backbone_0017_proteinmpnn_008.pdb,backbone_backbone_0017_proteinmpnn_008,381.3722893132177,100.0,24.489795918367346,100.0,89.2751908713334,alternative
backbone_backbone_0018_proteinmpnn_001.pdb,backbone_backbone_0018_proteinmpnn_001,385.3778719591326,100.0,24.489795918367346,100.0,97.28635616316319,alternative
backbone_backbone_0018_proteinmpnn_002.pdb,backbone_backbone_0018_proteinmpnn_002,370.54614359351746,100.0,14.285714285714285,100.0,98.23514432989201,alternative
backbone_backbone_0018_proteinmpnn_003.pdb,backbone_backbone_0018_proteinmpnn_003,330.569324243386,100.0,22.448979591836736,80.67745208740234,32.4368055364571,alternative
backbone_backbone_0018_proteinmpnn_004.pdb,backbone_backbone_0018_proteinmpnn_004,310.06066141862703,100.0,13.26530612244898,75.7807846069336,28.763835256039943,alternative
backbone_backbone_0018_proteinmpnn_005.pdb,backbone_backbone_0018_proteinmpnn_005,380.3258544001898,100.0,25.510204081632654,100.0,84.12109655548171,alternative
backbone_backbone_0018_proteinmpnn_006.pdb,backbone_backbone_0018_proteinmpnn_006,343.1819100618704,100.0,13.26530612244898,100.0,46.56790175639377,alternative
backbone_backbone_0018_proteinmpnn_007.pdb,backbone_backbone_0018_proteinmpnn_007,363.7755102040816,100.0,9.183673469387756,100.0,100.0,alternative
backbone_backbone_0018_proteinmpnn_008.pdb,backbone_backbone_0018_proteinmpnn_008,369.8979591836735,100.0,13.26530612244898,100.0,100.0,alternative
backbone_backbone_0019_proteinmpnn_001.pdb,backbone_backbone_0019_proteinmpnn_001,342.4131245060973,100.0,27.55102040816326,83.70838928222656,34.75640922325167,alternative
backbone_backbone_0019_proteinmpnn_002.pdb,backbone_backbone_0019_proteinmpnn_002,414.2857142857143,100.0,42.857142857142854,100.0,100.0,alternative
backbone_backbone_0019_proteinmpnn_003.pdb,backbone_backbone_0019_proteinmpnn_003,396.08787862102025,100.0,32.6530612244898,100.0,94.21657356857112,alternative
backbone_backbone_0019_proteinmpnn_004.pdb,backbone_backbone_0019_proteinmpnn_004,421.2135078391846,100.0,56.12244897959183,100.0,74.05966873959376,alternative
backbone_backbone_0019_proteinmpnn_005.pdb,backbone_backbone_0019_proteinmpnn_005,347.74483596986056,100.0,27.55102040816326,87.7712173461914,37.29417602284853,alternative
backbone_backbone_0019_proteinmpnn_006.pdb,backbone_backbone_0019_proteinmpnn_006,360.13009108340674,100.0,13.26530612244898,100.0,80.46426379946645,alternative
backbone_backbone_0019_proteinmpnn_007.pdb,backbone_backbone_0019_proteinmpnn_007,377.5016282847765,100.0,29.591836734693878,100.0,66.22774636547129,alternative
backbone_backbone_0019_proteinmpnn_008.pdb,backbone_backbone_0019_proteinmpnn_008,386.60033823741173,100.0,30.612244897959183,100.0,81.36394178094586,alternative
protein_backbone_0_esm_if_001.pdb,protein_backbone_0_esm_if_001,268.400194796336,100.0,34.69387755102041,13.816327095031738,5.086102749547306,alternative
protein_backbone_0_esm_if_002.pdb,protein_backbone_0_esm_if_002,275.1768709798924,100.0,36.734693877551024,16.848825454711914,6.452009417707896,alternative
protein_backbone_0_esm_if_003.pdb,protein_backbone_0_esm_if_003,269.1992022548851,100.0,27.55102040816326,23.289718627929688,9.16590602942107,alternative
protein_backbone_0_esm_if_004.pdb,protein_backbone_0_esm_if_004,253.6576542263436,100.0,24.489795918367346,14.345937728881836,5.154045239821494,alternative
protein_backbone_0_esm_if_005.pdb,protein_backbone_0_esm_if_005,272.2083508847021,100.0,33.6734693877551,18.195987701416016,7.00431820330688,alternative
protein_backbone_0_esm_if_006.pdb,protein_backbone_0_esm_if_006,294.8097211953138,100.0,34.69387755102041,35.41884994506836,14.700109847429605,alternative
protein_backbone_0_esm_if_007.pdb,protein_backbone_0_esm_if_007,255.1734189699988,100.0,24.489795918367346,15.51708984375,5.843270497395583,alternative
protein_backbone_0_esm_if_008.pdb,protein_backbone_0_esm_if_008,278.4362168407024,100.0,37.755102040816325,18.410531997680664,6.786063563594608,alternative
protein_backbone_0_esm_if_009.pdb,protein_backbone_0_esm_if_009,269.41023095559825,100.0,37.755102040816325,11.06059741973877,3.4339609492699914,alternative
protein_backbone_0_esm_if_010.pdb,protein_backbone_0_esm_if_010,260.4790321727018,100.0,27.55102040816326,16.025232315063477,6.254538490786913,alternative
protein_backbone_10_esm_if_001.pdb,protein_backbone_10_esm_if_001,258.25448988881345,100.0,31.63265306122449,9.427332878112793,2.7563548377278657,alternative
protein_backbone_10_esm_if_002.pdb,protein_backbone_10_esm_if_002,286.14328890643355,100.0,30.612244897959183,33.785072326660156,12.879698465669206,alternative
protein_backbone_10_esm_if_003.pdb,protein_backbone_10_esm_if_003,256.50127245078625,100.0,26.53061224489796,14.006050109863281,5.398607947152017,alternative
protein_backbone_10_esm_if_004.pdb,protein_backbone_10_esm_if_004,252.76055141010235,100.0,26.53061224489796,11.116531372070312,3.696203341370223,alternative
protein_backbone_10_esm_if_005.pdb,protein_backbone_10_esm_if_005,300.06165564350374,100.0,29.591836734693878,46.810035705566406,17.727729671792932,alternative
protein_backbone_10_esm_if_006.pdb,protein_backbone_10_esm_if_006,287.18735512966657,100.0,30.612244897959183,34.90273666381836,12.732502237818794,alternative
protein_backbone_10_esm_if_007.pdb,protein_backbone_10_esm_if_007,287.6520997763557,100.0,36.734693877551024,27.54152488708496,10.01706814588855,alternative
protein_backbone_10_esm_if_008.pdb,protein_backbone_10_esm_if_008,277.84249589535716,100.0,45.91836734693878,7.618875980377197,2.6921377891435108,alternative
protein_backbone_10_esm_if_009.pdb,protein_backbone_10_esm_if_009,267.2334342345446,100.0,27.55102040816326,21.59693145751953,8.6199443295603,alternative
protein_backbone_10_esm_if_010.pdb,protein_backbone_10_esm_if_010,257.7357543892513,100.0,28.57142857142857,12.481963157653809,4.793296748909297,alternative
protein_backbone_11_esm_if_001.pdb,protein_backbone_11_esm_if_001,275.7947405804197,100.0,23.46938775510204,33.46257781982422,14.256162255884847,alternative
protein_backbone_11_esm_if_002.pdb,protein_backbone_11_esm_if_002,263.6794872997853,100.0,29.591836734693878,16.31907844543457,5.945307504619811,alternative
protein_backbone_11_esm_if_003.pdb,protein_backbone_11_esm_if_003,278.4809303059251,100.0,33.6734693877551,23.216449737548828,9.508552973487255,alternative
protein_backbone_11_esm_if_004.pdb,protein_backbone_11_esm_if_004,262.75438071333787,100.0,27.55102040816326,18.16475486755371,6.52619046707856,alternative
protein_backbone_11_esm_if_005.pdb,protein_backbone_11_esm_if_005,331.27953154844715,100.0,42.857142857142854,56.206809997558594,21.574014530348528,alternative
protein_backbone_11_esm_if_006.pdb,protein_backbone_11_esm_if_006,299.5291805360626,100.0,31.63265306122449,43.362281799316406,17.435838289818847,alternative
protein_backbone_11_esm_if_007.pdb,protein_backbone_11_esm_if_007,255.07047331572127,100.0,22.448979591836736,18.31751251220703,6.158982831518231,alternative
protein_backbone_11_esm_if_008.pdb,protein_backbone_11_esm_if_008,279.12128114224896,100.0,25.510204081632654,33.9227180480957,13.866513943408554,alternative
protein_backbone_11_esm_if_009.pdb,protein_backbone_11_esm_if_009,275.1828089205336,100.0,32.6530612244898,22.387176513671875,7.632081140254051,alternative
protein_backbone_11_esm_if_010.pdb,protein_backbone_11_esm_if_010,262.2494232070324,100.0,24.489795918367346,21.290618896484375,8.448220865994022,alternative
protein_backbone_12_esm_if_001.pdb,protein_backbone_12_esm_if_001,270.7522119126982,100.0,29.591836734693878,22.066173553466797,8.59656651438116,alternative
protein_backbone_12_esm_if_002.pdb,protein_backbone_12_esm_if_002,379.27072181967645,100.0,30.612244897959183,100.0,66.70470894547533,alternative
protein_backbone_12_esm_if_003.pdb,protein_backbone_12_esm_if_003,306.64631390981185,100.0,34.69387755102041,45.598262786865234,18.014469592832057,alternative
protein_backbone_12_esm_if_004.pdb,protein_backbone_12_esm_if_004,270.24536590167247,100.0,28.57142857142857,22.80645751953125,9.163531049996704,alternative
protein_backbone_12_esm_if_005.pdb,protein_backbone_12_esm_if_005,343.2391509629858,100.0,35.714285714285715,74.86345672607422,29.60853133096604,alternative
protein_backbone_12_esm_if_006.pdb,protein_backbone_12_esm_if_006,365.0549289469181,100.0,11.224489795918368,100.0,96.43638850608097,alternative
protein_backbone_12_esm_if_007.pdb,protein_backbone_12_esm_if_007,307.30112528291846,100.0,38.775510204081634,40.935142517089844,16.405434919412258,alternative
protein_backbone_12_esm_if_008.pdb,protein_backbone_12_esm_if_008,251.01305050626087,100.0,28.57142857142857,7.185832500457764,1.9401502973204885,alternative
protein_backbone_12_esm_if_009.pdb,protein_backbone_12_esm_if_009,296.05209556414854,100.0,23.46938775510204,50.19892883300781,21.29817019697529,alternative
protein_backbone_12_esm_if_010.pdb,protein_backbone_12_esm_if_010,289.28035427559763,100.0,29.591836734693878,37.574493408203125,14.636211530707369,alternative
protein_backbone_13_esm_if_001.pdb,protein_backbone_13_esm_if_001,359.7300001675458,100.0,24.489795918367346,100.0,45.99061257998955,alternative
protein_backbone_13_esm_if_002.pdb,protein_backbone_13_esm_if_002,366.73557278189,100.0,19.387755102040817,100.0,75.30788025765763,alternative
protein_backbone_13_esm_if_003.pdb,protein_backbone_13_esm_if_003,358.60198319952104,100.0,22.448979591836736,100.0,49.85702762353185,alternative
protein_backbone_13_esm_if_004.pdb,protein_backbone_13_esm_if_004,265.62121893558685,100.0,30.612244897959183,16.67974281311035,6.046217551075425,alternative
protein_backbone_13_esm_if_005.pdb,protein_backbone_13_esm_if_005,276.4306627421618,100.0,33.6734693877551,21.383193969726562,9.074529381605215,alternative
protein_backbone_13_esm_if_006.pdb,protein_backbone_13_esm_if_006,275.90731741286777,100.0,40.816326530612244,12.30660629272461,4.752442648449557,alternative
protein_backbone_13_esm_if_007.pdb,protein_backbone_13_esm_if_007,356.69666213650146,100.0,23.46938775510204,100.0,42.98516100769678,alternative
protein_backbone_13_esm_if_008.pdb,protein_backbone_13_esm_if_008,271.2995741523849,100.0,36.734693877551024,13.532561302185059,5.329944067746605,alternative
protein_backbone_13_esm_if_009.pdb,protein_backbone_13_esm_if_009,276.8226024577712,100.0,36.734693877551024,17.96426010131836,7.512603080252646,alternative
protein_backbone_13_esm_if_010.pdb,protein_backbone_13_esm_if_010,322.6239294513024,100.0,40.816326530612244,50.68314743041992,21.43258444992823,alternative
protein_backbone_14_esm_if_001.pdb,protein_backbone_14_esm_if_001,266.9733373209099,100.0,27.55102040816326,21.16472625732422,8.964160902681535,alternative
protein_backbone_14_esm_if_002.pdb,protein_backbone_14_esm_if_002,306.4709007960693,100.0,21.428571428571427,61.95356369018555,24.748959926053345,alternative
protein_backbone_14_esm_if_003.pdb,protein_backbone_14_esm_if_003,342.2611475230738,100.0,28.57142857142857,83.23991394042969,32.328181451002514,alternative
protein_backbone_14_esm_if_004.pdb,protein_backbone_14_esm_if_004,264.0750433764718,100.0,30.612244897959183,15.278182983398438,5.756986092269177,alternative
protein_backbone_14_esm_if_005.pdb,protein_backbone_14_esm_if_005,260.9217821501136,100.0,30.612244897959183,12.573151588439941,4.860526429469701,alternative
protein_backbone_14_esm_if_006.pdb,protein_backbone_14_esm_if_006,285.2852759050376,100.0,34.69387755102041,27.578723907470703,11.33147134207261,alternative
protein_backbone_14_esm_if_007.pdb,protein_backbone_14_esm_if_007,269.8822047062701,100.0,28.57142857142857,22.362979888916016,9.324163920422421,alternative
protein_backbone_14_esm_if_008.pdb,protein_backbone_14_esm_if_008,271.7924420409501,100.0,38.775510204081634,11.443907737731934,4.370537994191401,alternative
protein_backbone_14_esm_if_009.pdb,protein_backbone_14_esm_if_009,331.85717419298936,100.0,28.57142857142857,74.59455871582031,28.810945240052373,alternative
protein_backbone_14_esm_if_010.pdb,protein_backbone_14_esm_if_010,278.8435059869361,100.0,28.57142857142857,29.591073989868164,12.790578279850104,alternative
protein_backbone_15_esm_if_001.pdb,protein_backbone_15_esm_if_001,287.73873892630155,100.0,31.63265306122449,33.206661224365234,14.166196220199145,alternative
protein_backbone_15_esm_if_002.pdb,protein_backbone_15_esm_if_002,265.7243178753005,100.0,39.795918367346935,5.259376525878906,1.54212759680235,alternative
protein_backbone_15_esm_if_003.pdb,protein_backbone_15_esm_if_003,353.69396761310543,100.0,29.591836734693878,91.38135528564453,35.84971445084007,alternative
protein_backbone_15_esm_if_004.pdb,protein_backbone_15_esm_if_004,276.68958689568797,100.0,35.714285714285715,19.312320709228516,7.611675230061776,alternative
protein_backbone_15_esm_if_005.pdb,protein_backbone_15_esm_if_005,257.92342465367955,100.0,33.6734693877551,6.402956008911133,2.0205291262715357,alternative
protein_backbone_15_esm_if_006.pdb,protein_backbone_15_esm_if_006,256.73856672877935,100.0,33.6734693877551,5.607725143432617,1.2412750074281946,alternative
protein_backbone_15_esm_if_007.pdb,protein_backbone_15_esm_if_007,341.44349632495135,100.0,26.53061224489796,85.37540435791016,32.54434719938854,alternative
protein_backbone_15_esm_if_008.pdb,protein_backbone_15_esm_if_008,256.56692874512515,100.0,24.489795918367346,16.52454376220703,6.615382210734209,alternative
protein_backbone_15_esm_if_009.pdb,protein_backbone_15_esm_if_009,256.3776889686315,100.0,27.55102040816326,12.688009262084961,4.726298188603355,alternative
protein_backbone_15_esm_if_010.pdb,protein_backbone_15_esm_if_010,265.2124495316338,100.0,28.57142857142857,18.868345260620117,6.97392282774165,alternative
protein_backbone_16_esm_if_001.pdb,protein_backbone_16_esm_if_001,245.50720350203622,100.0,24.489795918367346,7.7429094314575195,2.0592003860553607,alternative
protein_backbone_16_esm_if_002.pdb,protein_backbone_16_esm_if_002,263.7009470279353,100.0,31.63265306122449,13.702244758605957,5.0994453549851455,alternative
protein_backbone_16_esm_if_003.pdb,protein_backbone_16_esm_if_003,276.26616285683855,100.0,40.816326530612244,12.579803466796875,4.923739188246612,alternative
protein_backbone_16_esm_if_004.pdb,protein_backbone_16_esm_if_004,260.8383357691286,100.0,33.6734693877551,8.81750774383545,3.0212478873210324,alternative
protein_backbone_16_esm_if_005.pdb,protein_backbone_16_esm_if_005,280.83418270293254,100.0,36.734693877551024,21.489246368408203,8.485791036395646,alternative
protein_backbone_16_esm_if_006.pdb,protein_backbone_16_esm_if_006,258.1660158870476,100.0,27.55102040816326,14.240053176879883,5.198864195845688,alternative
protein_backbone_16_esm_if_007.pdb,protein_backbone_16_esm_if_007,273.10639036415614,100.0,35.714285714285715,16.443721771240234,6.1824800429747215,alternative
protein_backbone_16_esm_if_008.pdb,protein_backbone_16_esm_if_008,282.4981072243086,100.0,41.83673469387755,16.38986587524414,6.706278616496326,alternative
protein_backbone_16_esm_if_009.pdb,protein_backbone_16_esm_if_009,279.4243437267364,100.0,37.755102040816325,18.921003341674805,7.741374647674338,alternative
protein_backbone_16_esm_if_010.pdb,protein_backbone_16_esm_if_010,282.30530584664234,100.0,40.816326530612244,17.496963500976562,7.167705099494862,alternative
protein_backbone_17_esm_if_001.pdb,protein_backbone_17_esm_if_001,267.77597194766594,100.0,35.714285714285715,12.238340377807617,3.932405996859579,alternative
protein_backbone_17_esm_if_002.pdb,protein_backbone_17_esm_if_002,292.73906165385716,100.0,25.510204081632654,45.09971618652344,18.74807868976948,alternative
protein_backbone_17_esm_if_003.pdb,protein_backbone_17_esm_if_003,260.00570618020674,100.0,29.591836734693878,13.446455955505371,4.342990245321081,alternative
protein_backbone_17_esm_if_004.pdb,protein_backbone_17_esm_if_004,291.1556959757411,100.0,32.6530612244898,35.3930549621582,13.566098353696349,alternative
protein_backbone_17_esm_if_005.pdb,protein_backbone_17_esm_if_005,365.8088686508515,100.0,15.306122448979592,100.0,85.69936995476418,alternative
protein_backbone_17_esm_if_006.pdb,protein_backbone_17_esm_if_006,261.3972125148809,100.0,36.734693877551024,5.770169734954834,1.0500039271991313,alternative
protein_backbone_17_esm_if_007.pdb,protein_backbone_17_esm_if_007,284.06649671215484,100.0,32.6530612244898,29.44658660888672,11.280636533066852,alternative
protein_backbone_17_esm_if_008.pdb,protein_backbone_17_esm_if_008,274.60571327974446,100.0,30.612244897959183,23.578968048095703,10.21675576941991,alternative
protein_backbone_17_esm_if_009.pdb,protein_backbone_17_esm_if_009,306.1325149237458,100.0,33.6734693877551,45.89103317260742,19.462555339011438,alternative
protein_backbone_17_esm_if_010.pdb,protein_backbone_17_esm_if_010,300.91880304551523,100.0,37.755102040816325,36.51304244995117,15.546215068679222,alternative
protein_backbone_18_esm_if_001.pdb,protein_backbone_18_esm_if_001,350.56294317803093,100.0,20.408163265306122,100.0,39.901396560143574,alternative
protein_backbone_18_esm_if_002.pdb,protein_backbone_18_esm_if_002,352.7437046473138,100.0,19.387755102040817,100.0,47.32414398850513,alternative
protein_backbone_18_esm_if_003.pdb,protein_backbone_18_esm_if_003,282.8964132067642,100.0,29.591836734693878,32.52042007446289,11.97647606052085,alternative
protein_backbone_18_esm_if_004.pdb,protein_backbone_18_esm_if_004,287.05052254025804,100.0,32.6530612244898,31.91843032836914,12.305000750308428,alternative
protein_backbone_18_esm_if_005.pdb,protein_backbone_18_esm_if_005,302.7091462517056,100.0,34.69387755102041,42.20647048950195,16.923718871346072,alternative
protein_backbone_18_esm_if_006.pdb,protein_backbone_18_esm_if_006,269.218784996857,100.0,31.63265306122449,18.439504623413086,6.6606015632143025,alternative
protein_backbone_18_esm_if_007.pdb,protein_backbone_18_esm_if_007,267.5120393082262,100.0,31.63265306122449,16.69365692138672,6.738805590005397,alternative
protein_backbone_18_esm_if_008.pdb,protein_backbone_18_esm_if_008,371.44949892491024,100.0,15.306122448979592,100.0,96.98063050288167,alternative
protein_backbone_18_esm_if_009.pdb,protein_backbone_18_esm_if_009,350.67084914693703,100.0,36.734693877551024,79.58967590332031,31.958264854580403,alternative
protein_backbone_18_esm_if_010.pdb,protein_backbone_18_esm_if_010,380.40490903256074,100.0,29.591836734693878,100.0,72.0343078610398,alternative
protein_backbone_19_esm_if_001.pdb,protein_backbone_19_esm_if_001,368.331716593295,100.0,13.26530612244898,100.0,96.86751481924307,alternative
protein_backbone_19_esm_if_002.pdb,protein_backbone_19_esm_if_002,358.37456551350493,100.0,24.489795918367346,100.0,43.27974327190779,alternative
protein_backbone_19_esm_if_003.pdb,protein_backbone_19_esm_if_003,380.1181653889655,100.0,22.448979591836736,100.0,92.8893920024208,alternative
protein_backbone_19_esm_if_004.pdb,protein_backbone_19_esm_if_004,255.91532173069027,100.0,24.489795918367346,15.991437911987305,6.378379882303871,alternative
protein_backbone_19_esm_if_005.pdb,protein_backbone_19_esm_if_005,268.2025385240708,100.0,26.53061224489796,23.570056915283203,9.673126482881383,alternative
protein_backbone_19_esm_if_006.pdb,protein_backbone_19_esm_if_006,276.0621118706881,100.0,38.775510204081634,15.087774276733398,5.622144575664476,alternative
protein_backbone_19_esm_if_007.pdb,protein_backbone_19_esm_if_007,359.1499300642139,100.0,7.142857142857142,100.0,96.87128869985628,alternative
protein_backbone_19_esm_if_008.pdb,protein_backbone_19_esm_if_008,295.18498505848623,100.0,28.57142857142857,43.28736114501953,18.080962112647637,alternative
protein_backbone_19_esm_if_009.pdb,protein_backbone_19_esm_if_009,335.61985277228524,100.0,28.57142857142857,77.60240173339844,30.32061636348778,alternative
protein_backbone_19_esm_if_010.pdb,protein_backbone_19_esm_if_010,252.59345720018806,100.0,30.612244897959183,5.749611854553223,1.8509559973921519,alternative
protein_backbone_1_esm_if_001.pdb,protein_backbone_1_esm_if_001,262.72933501561323,100.0,34.69387755102041,9.214098930358887,2.9488395174474364,alternative
protein_backbone_1_esm_if_002.pdb,protein_backbone_1_esm_if_002,289.7535302070184,100.0,40.816326530612244,23.808488845825195,9.44110313054971,alternative
protein_backbone_1_esm_if_003.pdb,protein_backbone_1_esm_if_003,282.22070133419254,100.0,39.795918367346935,18.722684860229492,7.608277845885294,alternative
protein_backbone_1_esm_if_004.pdb,protein_backbone_1_esm_if_004,261.2410587360922,100.0,33.6734693877551,9.213963508605957,3.0337822917072463,alternative
protein_backbone_1_esm_if_005.pdb,protein_backbone_1_esm_if_005,316.5097131743732,100.0,30.612244897959183,59.1198844909668,22.94292267293517,alternative
protein_backbone_1_esm_if_006.pdb,protein_backbone_1_esm_if_006,330.7195558774268,100.0,32.6530612244898,68.20895385742188,27.062020366540423,alternative
protein_backbone_1_esm_if_007.pdb,protein_backbone_1_esm_if_007,288.8442338090332,100.0,33.6734693877551,31.586563110351562,13.494933234097997,alternative
protein_backbone_1_esm_if_008.pdb,protein_backbone_1_esm_if_008,266.9308506601335,100.0,32.6530612244898,15.098457336425781,5.705602973946091,alternative
protein_backbone_1_esm_if_009.pdb,protein_backbone_1_esm_if_009,374.5813632225864,100.0,18.367346938775512,100.0,94.06068562884627,alternative
protein_backbone_1_esm_if_010.pdb,protein_backbone_1_esm_if_010,276.96737675216025,100.0,37.755102040816325,17.067655563354492,6.534136255162588,alternative
protein_backbone_2_esm_if_001.pdb,protein_backbone_2_esm_if_001,352.5656160043919,100.0,24.489795918367346,96.86570739746094,37.93042945875992,alternative
protein_backbone_2_esm_if_002.pdb,protein_backbone_2_esm_if_002,327.6595359573821,100.0,39.795918367346935,56.77238845825195,22.386539896219514,alternative
protein_backbone_2_esm_if_003.pdb,protein_backbone_2_esm_if_003,270.96787114160566,100.0,31.63265306122449,19.662342071533203,7.713098956471394,alternative
protein_backbone_2_esm_if_004.pdb,protein_backbone_2_esm_if_004,278.2064386368882,100.0,41.83673469387755,13.007972717285156,4.886727757573406,alternative
protein_backbone_2_esm_if_005.pdb,protein_backbone_2_esm_if_005,346.72319409459595,100.0,34.69387755102041,78.70299530029297,31.95876493554475,alternative
protein_backbone_2_esm_if_006.pdb,protein_backbone_2_esm_if_006,305.02704508243426,100.0,21.428571428571427,60.91238784790039,23.94360018335347,alternative
protein_backbone_2_esm_if_007.pdb,protein_backbone_2_esm_if_007,276.6337751595164,100.0,34.69387755102041,20.485233306884766,8.21545105220212,alternative
protein_backbone_2_esm_if_008.pdb,protein_backbone_2_esm_if_008,274.06008211207137,100.0,36.734693877551024,15.823515892028809,6.269050807432112,alternative
protein_backbone_2_esm_if_009.pdb,protein_backbone_2_esm_if_009,354.5201131004453,100.0,37.755102040816325,81.69676208496094,32.38139590851984,alternative
protein_backbone_2_esm_if_010.pdb,protein_backbone_2_esm_if_010,289.0073421639142,100.0,34.69387755102041,30.342010498046875,13.249030678673462,alternative
protein_backbone_3_esm_if_001.pdb,protein_backbone_3_esm_if_001,264.54788182433515,100.0,31.63265306122449,14.428027153015137,5.341750158966522,alternative
protein_backbone_3_esm_if_002.pdb,protein_backbone_3_esm_if_002,271.516122692798,100.0,33.6734693877551,17.28139305114746,7.449051120035685,alternative
protein_backbone_3_esm_if_003.pdb,protein_backbone_3_esm_if_003,265.7540309390379,100.0,32.6530612244898,14.120938301086426,5.307001602433515,alternative
protein_backbone_3_esm_if_004.pdb,protein_backbone_3_esm_if_004,271.78945740965366,100.0,36.734693877551024,14.090850830078125,5.193131526498028,alternative
protein_backbone_3_esm_if_005.pdb,protein_backbone_3_esm_if_005,270.87368455169207,100.0,37.755102040816325,12.14706802368164,4.187926933571911,alternative
protein_backbone_3_esm_if_006.pdb,protein_backbone_3_esm_if_006,246.8956395436213,100.0,20.408163265306122,13.721190452575684,5.124408386172831,alternative
protein_backbone_3_esm_if_007.pdb,protein_backbone_3_esm_if_007,266.0857032316706,100.0,30.612244897959183,16.960670471191406,6.413330827080826,alternative
protein_backbone_3_esm_if_008.pdb,protein_backbone_3_esm_if_008,309.13375465743746,100.0,25.510204081632654,58.9161262512207,23.904644567535556,alternative
protein_backbone_3_esm_if_009.pdb,protein_backbone_3_esm_if_009,264.0083892125206,100.0,30.612244897959183,15.041158676147461,6.097726378868756,alternative
protein_backbone_3_esm_if_010.pdb,protein_backbone_3_esm_if_010,289.8647270107653,100.0,40.816326530612244,23.735010147094727,9.81045413550447,alternative
protein_backbone_4_esm_if_001.pdb,protein_backbone_4_esm_if_001,259.3149367647448,100.0,26.53061224489796,16.18128776550293,6.675461263789926,alternative
protein_backbone_4_esm_if_002.pdb,protein_backbone_4_esm_if_002,264.49136451226974,100.0,31.63265306122449,14.19798755645752,5.688794727950967,alternative
protein_backbone_4_esm_if_003.pdb,protein_backbone_4_esm_if_003,275.56696104369496,100.0,40.816326530612244,12.175920486450195,4.333101522652832,alternative
protein_backbone_4_esm_if_004.pdb,protein_backbone_4_esm_if_004,247.1438740001043,100.0,22.448979591836736,11.45305347442627,4.034702275845806,alternative
protein_backbone_4_esm_if_005.pdb,protein_backbone_4_esm_if_005,260.2922455443483,100.0,30.612244897959183,12.117772102355957,4.512212190107147,alternative
protein_backbone_4_esm_if_006.pdb,protein_backbone_4_esm_if_006,275.20753455928735,100.0,35.714285714285715,18.449960708618164,6.372290558481225,alternative
protein_backbone_4_esm_if_007.pdb,protein_backbone_4_esm_if_007,265.8075718786964,100.0,36.734693877551024,9.069063186645508,3.2729357514487702,alternative
protein_backbone_4_esm_if_008.pdb,protein_backbone_4_esm_if_008,263.83796627383396,100.0,31.63265306122449,13.854031562805176,5.06991023838402,alternative
protein_backbone_4_esm_if_009.pdb,protein_backbone_4_esm_if_009,265.34149690279935,100.0,33.6734693877551,12.550333023071289,4.561919596190856,alternative
protein_backbone_4_esm_if_010.pdb,protein_backbone_4_esm_if_010,268.23042744809334,100.0,34.69387755102041,13.63648796081543,5.106246321494572,alternative
protein_backbone_5_esm_if_001.pdb,protein_backbone_5_esm_if_001,269.9253988800996,100.0,31.63265306122449,18.698562622070312,7.555713332385023,alternative
protein_backbone_5_esm_if_002.pdb,protein_backbone_5_esm_if_002,278.39658439319527,100.0,38.775510204081634,16.955825805664062,6.5549865628174695,alternative
protein_backbone_5_esm_if_003.pdb,protein_backbone_5_esm_if_003,266.10067076457085,100.0,35.714285714285715,10.699359893798828,3.659764598686896,alternative
protein_backbone_5_esm_if_004.pdb,protein_backbone_5_esm_if_004,258.22860766513537,100.0,30.612244897959183,10.426056861877441,3.768366912638265,alternative
protein_backbone_5_esm_if_005.pdb,protein_backbone_5_esm_if_005,272.81948916567063,100.0,31.63265306122449,20.860815048217773,9.01938905123227,alternative
protein_backbone_5_esm_if_006.pdb,protein_backbone_5_esm_if_006,255.4443422352098,100.0,28.57142857142857,10.665995597839355,3.8424075604551926,alternative
protein_backbone_5_esm_if_007.pdb,protein_backbone_5_esm_if_007,286.17919149327673,100.0,38.775510204081634,23.307231903076172,9.417388568156221,alternative
protein_backbone_5_esm_if_008.pdb,protein_backbone_5_esm_if_008,252.7200100928455,100.0,24.489795918367346,13.665905952453613,4.638820525681759,alternative
protein_backbone_5_esm_if_009.pdb,protein_backbone_5_esm_if_009,265.3597038660166,100.0,32.6530612244898,13.82776927947998,5.104685499603874,alternative
protein_backbone_5_esm_if_010.pdb,protein_backbone_5_esm_if_010,286.1962319111069,100.0,43.87755102040816,17.1422176361084,6.475375488772611,alternative
protein_backbone_6_esm_if_001.pdb,protein_backbone_6_esm_if_001,336.6546774478638,100.0,21.428571428571427,85.48064422607422,38.062352157864936,alternative
protein_backbone_6_esm_if_002.pdb,protein_backbone_6_esm_if_002,362.6663779018014,100.0,15.306122448979592,100.0,79.41438845666406,alternative
protein_backbone_6_esm_if_003.pdb,protein_backbone_6_esm_if_003,362.0319228238314,100.0,16.3265306122449,100.0,75.08425381092808,alternative
protein_backbone_6_esm_if_004.pdb,protein_backbone_6_esm_if_004,337.94931237515254,100.0,45.91836734693878,56.456111907958984,25.231298893570774,alternative
protein_backbone_6_esm_if_005.pdb,protein_backbone_6_esm_if_005,408.0990550174271,100.0,52.04081632653062,100.0,60.07566105526239,alternative
protein_backbone_6_esm_if_006.pdb,protein_backbone_6_esm_if_006,391.9284155708447,100.0,44.89795918367347,100.0,49.16295359066891,alternative
protein_backbone_6_esm_if_007.pdb,protein_backbone_6_esm_if_007,393.17179683036693,100.0,34.69387755102041,100.0,82.26196100767267,alternative
protein_backbone_6_esm_if_008.pdb,protein_backbone_6_esm_if_008,289.79668677098505,100.0,31.63265306122449,34.89505386352539,14.905306631245807,alternative
protein_backbone_6_esm_if_009.pdb,protein_backbone_6_esm_if_009,395.90121534528396,100.0,47.95918367346938,100.0,47.924879670159726,alternative
protein_backbone_6_esm_if_010.pdb,protein_backbone_6_esm_if_010,339.41756760779504,100.0,43.87755102040816,60.77311706542969,25.656248023506222,alternative
protein_backbone_7_esm_if_001.pdb,protein_backbone_7_esm_if_001,248.36779222502145,100.0,23.46938775510204,11.188578605651855,3.9502639734330116,alternative
protein_backbone_7_esm_if_002.pdb,protein_backbone_7_esm_if_002,291.81312307301624,100.0,34.69387755102041,33.368595123291016,12.80742324638926,alternative
protein_backbone_7_esm_if_003.pdb,protein_backbone_7_esm_if_003,272.1182249774905,100.0,34.69387755102041,16.785207748413086,6.584401805093686,alternative
protein_backbone_7_esm_if_004.pdb,protein_backbone_7_esm_if_004,264.6947883012128,100.0,27.55102040816326,19.44819450378418,7.840126370367487,alternative
protein_backbone_7_esm_if_005.pdb,protein_backbone_7_esm_if_005,263.44148194713705,100.0,34.69387755102041,9.85777759552002,3.0857760501728033,alternative
protein_backbone_7_esm_if_006.pdb,protein_backbone_7_esm_if_006,281.393681573029,100.0,27.55102040816326,33.78096008300781,12.572381755552655,alternative
protein_backbone_7_esm_if_007.pdb,protein_backbone_7_esm_if_007,275.3934282456723,100.0,26.53061224489796,29.789527893066406,11.615963970517935,alternative
protein_backbone_7_esm_if_008.pdb,protein_backbone_7_esm_if_008,279.7688859942629,100.0,30.612244897959183,28.733379364013672,10.234278566620914,alternative
protein_backbone_7_esm_if_009.pdb,protein_backbone_7_esm_if_009,270.92457723759577,100.0,39.795918367346935,9.665508270263672,3.130382832623374,alternative
protein_backbone_7_esm_if_010.pdb,protein_backbone_7_esm_if_010,262.070733611083,100.0,28.57142857142857,16.24423599243164,5.9387095230170495,alternative
protein_backbone_8_esm_if_001.pdb,protein_backbone_8_esm_if_001,292.6013524346083,100.0,45.91836734693878,19.818933486938477,7.809735854523277,alternative
protein_backbone_8_esm_if_002.pdb,protein_backbone_8_esm_if_002,300.63291400269964,100.0,27.55102040816326,49.23326873779297,20.14622930532357,alternative
protein_backbone_8_esm_if_003.pdb,protein_backbone_8_esm_if_003,272.84343946135607,100.0,32.6530612244898,19.848682403564453,8.030330442113812,alternative
protein_backbone_8_esm_if_004.pdb,protein_backbone_8_esm_if_004,269.0406996344462,100.0,36.734693877551024,12.033912658691406,3.8094923188565786,alternative
protein_backbone_8_esm_if_005.pdb,protein_backbone_8_esm_if_005,270.39517052028185,100.0,28.57142857142857,22.820085525512695,9.43588427525251,alternative
protein_backbone_8_esm_if_006.pdb,protein_backbone_8_esm_if_006,299.60320114449723,100.0,34.69387755102041,39.86511993408203,15.394529767769189,alternative
protein_backbone_8_esm_if_007.pdb,protein_backbone_8_esm_if_007,288.5382233321556,100.0,31.63265306122449,34.47191619873047,13.234655083176794,alternative
protein_backbone_8_esm_if_008.pdb,protein_backbone_8_esm_if_008,260.120144358203,100.0,28.57142857142857,14.525273323059082,5.475456356002053,alternative
protein_backbone_8_esm_if_009.pdb,protein_backbone_8_esm_if_009,329.00768659874905,100.0,18.367346938775512,84.75198364257812,33.409365096015335,alternative
protein_backbone_8_esm_if_010.pdb,protein_backbone_8_esm_if_010,285.1745765131301,100.0,40.816326530612244,19.85702133178711,8.186130770849228,alternative
protein_backbone_9_esm_if_001.pdb,protein_backbone_9_esm_if_001,302.1157133364244,100.0,25.510204081632654,53.148841857910156,21.403130712130537,alternative
protein_backbone_9_esm_if_002.pdb,protein_backbone_9_esm_if_002,283.53281896080057,100.0,35.714285714285715,24.65796661376953,10.606847551204995,alternative
protein_backbone_9_esm_if_003.pdb,protein_backbone_9_esm_if_003,329.9256349145676,100.0,19.387755102040817,84.28256225585938,33.12288001129403,alternative
protein_backbone_9_esm_if_004.pdb,protein_backbone_9_esm_if_004,272.160422371512,100.0,34.69387755102041,16.95486831665039,6.32947545666205,alternative
protein_backbone_9_esm_if_005.pdb,protein_backbone_9_esm_if_005,259.9228413430718,100.0,25.510204081632654,18.17473793029785,6.965594580650005,alternative
protein_backbone_9_esm_if_006.pdb,protein_backbone_9_esm_if_006,265.7602137857515,100.0,32.6530612244898,13.969590187072754,5.622063523888091,alternative
protein_backbone_9_esm_if_007.pdb,protein_backbone_9_esm_if_007,319.40748388108426,100.0,25.510204081632654,66.88721466064453,28.509926195981556,alternative
protein_backbone_9_esm_if_008.pdb,protein_backbone_9_esm_if_008,280.77916569348247,100.0,38.775510204081634,18.657085418701172,7.917629937317673,alternative
protein_backbone_9_esm_if_009.pdb,protein_backbone_9_esm_if_009,301.5135491136417,100.0,20.408163265306122,59.47080993652344,22.860988558318287,alternative
protein_backbone_9_esm_if_010.pdb,protein_backbone_9_esm_if_010,275.53199758147554,100.0,32.6530612244898,22.257787704467773,8.589236080546097,alternative
