sequence_id,sequence_length,quality,avg_pae,avg_local_pae,short_range_pae,medium_range_pae,long_range_pae,high_confidence_%,medium_confidence_%,low_confidence_%,very_low_confidence_%,num_domains,num_functional_sites,num_interactions,quality_description
backbone_backbone_0000_proteinmpnn_001,100,差,21.518775400000003,3.310998969072165,3.428771134020619,12.36985251396648,26.798173669467786,13.51,6.02,4.65,75.82,1,50,100,结构预测质量很差，大部分区域不可靠，不建议使用该预测结果
backbone_backbone_0000_proteinmpnn_002,100,较差,18.2047265,1.9728721649484537,2.017177319587629,7.031054748603352,23.767054341736692,20.44,8.63,7.85,63.080000000000005,1,50,100,结构预测质量较差，多数区域预测不可靠，建议谨慎使用或重新预测
backbone_backbone_0000_proteinmpnn_003,100,差,21.9217124,3.2406525773195876,3.316929896907216,11.368203351955307,27.30286022408964,13.28,6.859999999999999,5.48,74.38,1,50,100,结构预测质量很差，大部分区域不可靠，不建议使用该预测结果
backbone_backbone_0000_proteinmpnn_004,100,中等,12.309923900000001,2.0383515463917528,2.0751670103092787,6.546669273743016,16.987002801120447,30.470000000000002,15.25,12.72,41.56,1,50,100,结构预测质量一般，部分区域可能不可靠，需要结合其他证据进行分析
backbone_backbone_0000_proteinmpnn_005,100,差,22.7616949,3.857261855670103,3.956723711340206,13.657967597765364,27.634458823529414,10.22,7.140000000000001,5.1499999999999995,77.49000000000001,1,47,100,结构预测质量很差，大部分区域不可靠，不建议使用该预测结果
backbone_backbone_0000_proteinmpnn_006,100,差,21.813985,3.29470206185567,3.391222680412371,11.704612290502794,27.16857282913165,13.03,6.260000000000001,5.75,74.96000000000001,1,50,100,结构预测质量很差，大部分区域不可靠，不建议使用该预测结果
backbone_backbone_0000_proteinmpnn_007,100,差,22.9377221,3.7396412371134025,3.925230927835052,13.614562011173184,28.24100868347339,11.33,6.5,4.75,77.42,2,50,100,结构预测质量很差，大部分区域不可靠，不建议使用该预测结果
backbone_backbone_0000_proteinmpnn_008,100,较差,16.2803307,1.6551319587628868,1.709096907216495,5.665786592178771,21.092239215686273,21.310000000000002,10.93,10.7,57.06,1,50,100,结构预测质量较差，多数区域预测不可靠，建议谨慎使用或重新预测
backbone_backbone_0001_proteinmpnn_001,100,差,23.2476378,4.946608247422679,5.092202061855669,16.551689385474862,27.780514565826326,6.94,5.949999999999999,5.55,81.56,1,23,100,结构预测质量很差，大部分区域不可靠，不建议使用该预测结果
backbone_backbone_0001_proteinmpnn_002,100,差,21.9020491,4.292864948453608,4.3788247422680415,14.238642458100557,26.87145182072829,8.33,7.090000000000001,6.370000000000001,78.21000000000001,1,41,100,结构预测质量很差，大部分区域不可靠，不建议使用该预测结果
backbone_backbone_0001_proteinmpnn_003,100,差,22.6217436,4.436572164948453,4.558942268041237,14.600624581005588,27.35161960784314,8.49,6.65,5.779999999999999,79.08,1,39,100,结构预测质量很差，大部分区域不可靠，不建议使用该预测结果
backbone_backbone_0001_proteinmpnn_004,100,差,21.2903315,4.237130927835051,4.267678350515464,13.453245810055865,25.82373473389356,9.25,7.17,6.45,77.13,1,50,100,结构预测质量很差，大部分区域不可靠，不建议使用该预测结果
backbone_backbone_0001_proteinmpnn_005,100,差,21.226903399999998,3.9730175257731957,4.007940206185567,12.94065810055866,26.169746498599437,10.5,7.01,6.94,75.55,1,50,100,结构预测质量很差，大部分区域不可靠，不建议使用该预测结果
backbone_backbone_0001_proteinmpnn_006,100,较差,19.2357606,3.769858762886598,3.8112391752577315,12.581926256983241,22.74494761904762,10.03,7.04,7.580000000000001,75.35,1,50,100,结构预测质量较差，多数区域预测不可靠，建议谨慎使用或重新预测
backbone_backbone_0001_proteinmpnn_007,100,差,20.7549162,3.9485134020618555,4.0308123711340205,13.243940782122907,25.201959103641453,10.0,7.01,6.890000000000001,76.1,1,50,100,结构预测质量很差，大部分区域不可靠，不建议使用该预测结果
backbone_backbone_0001_proteinmpnn_008,100,差,21.672752000000003,4.254891752577319,4.28298350515464,13.898072625698324,26.402025210084037,9.41,6.529999999999999,6.3,77.75999999999999,1,44,100,结构预测质量很差，大部分区域不可靠，不建议使用该预测结果
backbone_backbone_0002_proteinmpnn_001,100,差,24.5930525,5.531922680412372,5.667022680412372,18.2009374301676,29.110296078431375,5.26,5.56,5.09,84.09,2,11,97,结构预测质量很差，大部分区域不可靠，不建议使用该预测结果
backbone_backbone_0002_proteinmpnn_002,100,差,23.1497239,5.420567010309278,5.549278350515463,17.424935195530725,27.305070028011205,5.4399999999999995,5.59,6.29,82.67999999999999,1,15,100,结构预测质量很差，大部分区域不可靠，不建议使用该预测结果
backbone_backbone_0002_proteinmpnn_003,100,差,23.5175247,5.027112371134021,5.167940206185567,16.916672625698325,28.15978235294118,6.59,6.92,6.510000000000001,79.97999999999999,2,28,100,结构预测质量很差，大部分区域不可靠，不建议使用该预测结果
backbone_backbone_0002_proteinmpnn_004,100,差,21.806489799999998,4.835672164948454,4.918503092783506,15.190167597765363,26.603968627450982,7.08,6.97,8.3,77.64999999999999,1,34,100,结构预测质量很差，大部分区域不可靠，不建议使用该预测结果
backbone_backbone_0002_proteinmpnn_005,100,差,21.6284744,4.621657731958763,4.726416494845361,15.442830167597764,26.48600224089636,7.6,6.05,6.800000000000001,79.55,2,38,100,结构预测质量很差，大部分区域不可靠，不建议使用该预测结果
backbone_backbone_0002_proteinmpnn_006,100,差,23.0543461,5.330875257731959,5.421775257731959,17.512754189944133,27.073472829131653,5.65,5.12,5.84,83.39,1,8,97,结构预测质量很差，大部分区域不可靠，不建议使用该预测结果
backbone_backbone_0002_proteinmpnn_007,100,差,22.2345766,5.182378350515464,5.320092783505155,17.417939664804468,25.7447893557423,5.75,5.9799999999999995,6.74,81.53,1,17,100,结构预测质量很差，大部分区域不可靠，不建议使用该预测结果
backbone_backbone_0002_proteinmpnn_008,100,差,21.9259414,4.877907216494845,4.972911340206186,15.695716201117317,26.27409523809524,6.4399999999999995,6.39,7.090000000000001,80.08,1,41,100,结构预测质量很差，大部分区域不可靠，不建议使用该预测结果
backbone_backbone_0003_proteinmpnn_001,100,差,20.9249851,4.778257731958763,4.897548453608247,15.308949720670391,24.72709523809524,7.46,6.0,6.859999999999999,79.67999999999999,1,44,100,结构预测质量很差，大部分区域不可靠，不建议使用该预测结果
backbone_backbone_0003_proteinmpnn_002,100,差,23.3598949,4.84899587628866,4.957703092783505,15.980478212290503,28.133161624649862,7.1,6.279999999999999,5.59,81.03,1,33,100,结构预测质量很差，大部分区域不可靠，不建议使用该预测结果
backbone_backbone_0003_proteinmpnn_003,100,差,22.7991706,5.155752577319587,5.249072164948453,16.00760558659218,27.372151540616247,5.84,6.35,6.81,81.0,2,30,100,结构预测质量很差，大部分区域不可靠，不建议使用该预测结果
backbone_backbone_0003_proteinmpnn_004,100,较差,18.79552,3.928035051546392,3.9886577319587633,13.27915754189944,22.842128851540615,9.24,6.660000000000001,7.8,76.3,1,50,100,结构预测质量较差，多数区域预测不可靠，建议谨慎使用或重新预测
backbone_backbone_0003_proteinmpnn_005,100,较差,18.994118,4.272423711340206,4.346738144329898,13.072907262569833,22.570283193277312,9.07,7.28,8.3,75.35,1,50,100,结构预测质量较差，多数区域预测不可靠，建议谨慎使用或重新预测
backbone_backbone_0003_proteinmpnn_006,100,差,21.1567914,5.3012711340206184,5.398131958762887,16.601166480446924,25.224042857142855,6.0,5.4,6.890000000000001,81.71000000000001,1,24,100,结构预测质量很差，大部分区域不可靠，不建议使用该预测结果
backbone_backbone_0003_proteinmpnn_007,100,差,25.085284299999998,5.495362886597938,5.714962886597938,19.5269251396648,29.643835014005603,5.29,5.17,4.46,85.08,1,2,67,结构预测质量很差，大部分区域不可靠，不建议使用该预测结果
backbone_backbone_0003_proteinmpnn_008,100,差,22.0310413,5.169291752577319,5.322280412371134,16.614553072625696,26.33370280112045,6.4,5.89,7.71,80.0,1,18,100,结构预测质量很差，大部分区域不可靠，不建议使用该预测结果
backbone_backbone_0004_proteinmpnn_001,100,差,21.3297275,3.28709175257732,3.3692247422680413,12.001941899441341,26.375883193277314,12.7,7.23,6.11,73.96000000000001,2,50,100,结构预测质量很差，大部分区域不可靠，不建议使用该预测结果
backbone_backbone_0004_proteinmpnn_002,100,中等,13.053282800000002,2.1903092783505156,2.1967938144329895,7.729736312849162,16.00583081232493,18.060000000000002,10.8,24.85,46.29,1,50,100,结构预测质量一般，部分区域可能不可靠，需要结合其他证据进行分析
backbone_backbone_0004_proteinmpnn_003,100,较差,15.986541399999998,2.6062432989690723,2.6424268041237107,9.763730726256984,20.306103921568628,14.760000000000002,8.649999999999999,11.360000000000001,65.23,1,50,100,结构预测质量较差，多数区域预测不可靠，建议谨慎使用或重新预测
backbone_backbone_0004_proteinmpnn_004,100,中等,12.5221802,2.017820618556701,2.015729896907217,6.872779888268157,15.66911400560224,19.650000000000002,13.81,26.14,40.400000000000006,1,50,100,结构预测质量一般，部分区域可能不可靠，需要结合其他证据进行分析
backbone_backbone_0004_proteinmpnn_005,100,差,20.823964,3.4544567010309275,3.505422680412371,11.976225698324022,25.83668991596639,12.78,6.45,5.86,74.91,1,50,100,结构预测质量很差，大部分区域不可靠，不建议使用该预测结果
backbone_backbone_0004_proteinmpnn_006,100,中等,14.315479000000002,2.295660824742268,2.3012577319587626,7.954422346368714,17.47113781512605,15.790000000000001,13.16,19.56,51.49,1,50,100,结构预测质量一般，部分区域可能不可靠，需要结合其他证据进行分析
backbone_backbone_0004_proteinmpnn_007,100,中等,12.1389239,1.984782474226804,1.9796701030927835,6.670810055865922,15.504114845938377,19.66,19.89,21.93,38.519999999999996,1,50,100,结构预测质量一般，部分区域可能不可靠，需要结合其他证据进行分析
backbone_backbone_0004_proteinmpnn_008,100,差,21.573957,3.7100144329896905,3.7456494845360826,12.674360893854749,26.762407002801123,10.05,6.79,6.64,76.52,1,50,100,结构预测质量很差，大部分区域不可靠，不建议使用该预测结果
backbone_backbone_0005_proteinmpnn_001,100,较差,16.765465600000002,2.3318340206185573,2.3566309278350515,7.536985474860335,20.152129411764705,15.709999999999999,14.399999999999999,10.13,59.760000000000005,1,50,100,结构预测质量较差，多数区域预测不可靠，建议谨慎使用或重新预测
backbone_backbone_0005_proteinmpnn_002,100,中等,13.866938900000003,1.1697226804123713,1.1691855670103095,3.5946379888268156,18.20375854341737,31.04,14.499999999999998,8.649999999999999,45.81,1,50,100,结构预测质量一般，部分区域可能不可靠，需要结合其他证据进行分析
backbone_backbone_0005_proteinmpnn_003,100,较差,19.2730369,2.714918556701031,2.740715463917526,9.08702122905028,24.279465266106442,12.17,9.28,11.600000000000001,66.95,1,50,100,结构预测质量较差，多数区域预测不可靠，建议谨慎使用或重新预测
backbone_backbone_0005_proteinmpnn_004,100,差,21.645807299999998,3.9627721649484537,4.002742268041237,12.282230167597767,26.29127030812325,9.44,8.02,7.62,74.92,1,50,100,结构预测质量很差，大部分区域不可靠，不建议使用该预测结果
backbone_backbone_0005_proteinmpnn_005,100,较差,17.6433672,1.962741237113402,2.0130989690721646,7.044653631284916,22.121850420168066,16.88,10.25,11.1,61.77,1,50,100,结构预测质量较差，多数区域预测不可靠，建议谨慎使用或重新预测
backbone_backbone_0005_proteinmpnn_006,100,较差,17.9986657,2.834,2.8525546391752576,8.904204469273743,21.435633333333335,12.97,10.15,12.58,64.3,1,50,100,结构预测质量较差，多数区域预测不可靠，建议谨慎使用或重新预测
backbone_backbone_0005_proteinmpnn_007,100,较差,18.9360981,2.870131958762887,2.9193855670103095,8.74407150837989,23.25215350140056,12.21,9.28,10.02,68.49,1,50,100,结构预测质量较差，多数区域预测不可靠，建议谨慎使用或重新预测
backbone_backbone_0005_proteinmpnn_008,100,差,20.6688602,3.435390721649484,3.5026762886597935,10.848253631284916,24.675003921568628,11.84,8.12,8.41,71.63000000000001,1,50,100,结构预测质量很差，大部分区域不可靠，不建议使用该预测结果
backbone_backbone_0006_proteinmpnn_001,100,中等,9.849497,2.4873319587628866,2.4975752577319588,8.14274748603352,12.511110364145656,23.28,28.68,30.72,17.32,1,50,100,结构预测质量一般，部分区域可能不可靠，需要结合其他证据进行分析
backbone_backbone_0006_proteinmpnn_002,100,差,21.5096193,5.163959793814433,5.301830927835051,18.158611173184354,25.2078106442577,6.329999999999999,7.180000000000001,6.4399999999999995,80.05,2,28,100,结构预测质量很差，大部分区域不可靠，不建议使用该预测结果
backbone_backbone_0006_proteinmpnn_003,100,差,22.0233359,3.742444329896907,3.81819793814433,13.318827932960895,26.85200756302521,10.93,8.459999999999999,5.83,74.78,2,50,100,结构预测质量很差，大部分区域不可靠，不建议使用该预测结果
backbone_backbone_0006_proteinmpnn_004,100,中等,7.7641564,2.0991835051546395,2.1257608247422684,6.815648044692738,9.342871428571428,28.88,46.42,17.150000000000002,7.55,1,50,100,结构预测质量一般，部分区域可能不可靠，需要结合其他证据进行分析
backbone_backbone_0006_proteinmpnn_005,100,良好,5.6976033,1.6970773195876288,1.702,5.086801117318435,6.994759663865546,52.89,36.18,5.82,5.11,1,50,100,结构预测质量较好，主要区域的距离预测可靠，适合用于功能分析
backbone_backbone_0006_proteinmpnn_006,100,中等,13.176244,3.1874618556701027,3.2421072164948455,11.430469273743018,16.067467507002803,11.55,20.200000000000003,28.560000000000002,39.69,1,50,100,结构预测质量一般，部分区域可能不可靠，需要结合其他证据进行分析
backbone_backbone_0006_proteinmpnn_007,100,较差,15.307782400000002,3.363575257731959,3.3874865979381443,11.281820111731845,19.312669187675073,15.379999999999999,16.439999999999998,14.09,54.09,1,50,100,结构预测质量较差，多数区域预测不可靠，建议谨慎使用或重新预测
backbone_backbone_0006_proteinmpnn_008,100,中等,9.5554886,2.467711340206186,2.4746309278350513,8.131748603351957,11.265511204481793,15.920000000000002,45.050000000000004,25.619999999999997,13.41,1,50,100,结构预测质量一般，部分区域可能不可靠，需要结合其他证据进行分析
backbone_backbone_0007_proteinmpnn_001,100,差,20.037961099999997,3.0747113402061856,3.0671525773195873,9.57992067039106,25.100750980392156,11.42,10.14,9.29,69.15,1,50,100,结构预测质量很差，大部分区域不可靠，不建议使用该预测结果
backbone_backbone_0007_proteinmpnn_002,100,差,21.460223799999998,3.3454824742268037,3.363259793814433,10.818734078212291,26.521526050420167,11.05,8.7,6.6000000000000005,73.65,1,50,100,结构预测质量很差，大部分区域不可靠，不建议使用该预测结果
backbone_backbone_0007_proteinmpnn_003,100,差,20.709791999999997,3.0209938144329898,3.025964948453608,9.577981005586594,25.977374509803916,12.02,9.07,7.9,71.00999999999999,1,50,100,结构预测质量很差，大部分区域不可靠，不建议使用该预测结果
backbone_backbone_0007_proteinmpnn_004,100,差,22.7246993,3.76208762886598,3.8819670103092783,13.125646927374303,27.932843417366943,11.33,7.180000000000001,5.27,76.22,2,50,100,结构预测质量很差，大部分区域不可靠，不建议使用该预测结果
backbone_backbone_0007_proteinmpnn_005,100,差,22.699726199999997,3.5526958762886593,3.634065979381443,12.729715083798885,27.819331932773114,11.92,6.77,5.1499999999999995,76.16000000000001,2,50,100,结构预测质量很差，大部分区域不可靠，不建议使用该预测结果
backbone_backbone_0007_proteinmpnn_006,100,较差,17.7490129,2.053917525773196,2.069571134020619,6.662087150837988,23.17357983193277,18.34,11.110000000000001,8.62,61.92999999999999,1,50,100,结构预测质量较差，多数区域预测不可靠，建议谨慎使用或重新预测
backbone_backbone_0007_proteinmpnn_007,100,较差,19.271516499999997,2.2580164948453607,2.2600659793814435,7.823605586592179,24.578877871148464,15.86,9.1,8.05,66.99000000000001,1,50,100,结构预测质量较差，多数区域预测不可靠，建议谨慎使用或重新预测
backbone_backbone_0007_proteinmpnn_008,100,差,22.130547099999998,3.5839556701030926,3.6210886597938146,11.558221229050279,27.291489635854344,10.42,8.260000000000002,6.41,74.91,1,50,100,结构预测质量很差，大部分区域不可靠，不建议使用该预测结果
backbone_backbone_0008_proteinmpnn_001,100,差,22.3063354,4.466350515463918,4.541272164948454,13.972530726256984,27.51302324929972,7.28,7.76,7.79,77.17,1,50,100,结构预测质量很差，大部分区域不可靠，不建议使用该预测结果
backbone_backbone_0008_proteinmpnn_002,100,差,23.7324528,5.28000618556701,5.395119587628866,17.792947486033523,28.12629299719888,5.24,5.93,5.46,83.37,1,20,100,结构预测质量很差，大部分区域不可靠，不建议使用该预测结果
backbone_backbone_0008_proteinmpnn_003,100,差,22.9968652,5.091003092783504,5.128921649484536,16.104593296089387,27.381032773109244,5.6000000000000005,6.3,6.15,81.95,1,15,100,结构预测质量很差，大部分区域不可靠，不建议使用该预测结果
backbone_backbone_0008_proteinmpnn_004,100,差,22.2544782,5.140142268041237,5.155020618556701,15.915622346368716,26.359970868347336,5.75,6.460000000000001,6.710000000000001,81.08,1,26,100,结构预测质量很差，大部分区域不可靠，不建议使用该预测结果
backbone_backbone_0008_proteinmpnn_005,100,差,22.9516316,4.743576288659794,4.776950515463917,14.793263687150837,27.801577030812325,6.1899999999999995,6.65,7.03,80.13,1,41,100,结构预测质量很差，大部分区域不可靠，不建议使用该预测结果
backbone_backbone_0008_proteinmpnn_006,100,差,23.724874,5.1973257731958755,5.284585567010309,17.2759843575419,28.15606778711485,5.36,6.09,5.59,82.96,1,13,100,结构预测质量很差，大部分区域不可靠，不建议使用该预测结果
backbone_backbone_0008_proteinmpnn_007,100,差,24.365575099999997,5.414250515463918,5.576327835051547,18.12830502793296,28.947114005602238,5.42,5.72,5.26,83.6,2,11,100,结构预测质量很差，大部分区域不可靠，不建议使用该预测结果
backbone_backbone_0008_proteinmpnn_008,100,差,22.4098568,4.96048969072165,5.029208247422681,15.673322905027932,26.929739215686272,6.12,6.529999999999999,6.329999999999999,81.02000000000001,1,25,100,结构预测质量很差，大部分区域不可靠，不建议使用该预测结果
backbone_backbone_0009_proteinmpnn_001,100,较差,19.1648183,3.375637113402062,3.4357690721649488,11.79904804469274,23.686075910364146,11.07,6.4399999999999995,8.780000000000001,73.71,1,50,100,结构预测质量较差，多数区域预测不可靠，建议谨慎使用或重新预测
backbone_backbone_0009_proteinmpnn_002,100,中等,12.8996422,2.274130927835052,2.280276288659794,6.8991463687150825,18.54355518207283,18.75,17.549999999999997,25.230000000000004,38.47,1,50,100,结构预测质量一般，部分区域可能不可靠，需要结合其他证据进行分析
backbone_backbone_0009_proteinmpnn_003,100,差,20.1161478,3.344019587628866,3.3846680412371137,10.387778770949721,25.546821848739498,12.920000000000002,10.95,8.540000000000001,67.58999999999999,1,50,100,结构预测质量很差，大部分区域不可靠，不建议使用该预测结果
backbone_backbone_0009_proteinmpnn_004,100,差,22.261692599999996,4.418731958762887,4.479024742268041,14.998060335195532,27.123798039215686,7.85,6.660000000000001,5.8500000000000005,79.64,2,50,100,结构预测质量很差，大部分区域不可靠，不建议使用该预测结果
backbone_backbone_0009_proteinmpnn_005,100,较差,18.447180699999997,2.7475927835051546,2.7502329896907214,8.94640782122905,24.42421708683473,15.190000000000001,9.48,9.13,66.2,1,50,100,结构预测质量较差，多数区域预测不可靠，建议谨慎使用或重新预测
backbone_backbone_0009_proteinmpnn_006,100,较差,16.7303948,3.2719567010309274,3.2944721649484534,11.165340782122904,20.56199495798319,10.77,8.62,14.34,66.27,1,50,100,结构预测质量较差，多数区域预测不可靠，建议谨慎使用或重新预测
backbone_backbone_0009_proteinmpnn_007,100,较差,17.8485954,2.336823711340206,2.328317525773196,7.217597765363129,23.722028011204483,16.580000000000002,12.04,10.26,61.12,1,50,100,结构预测质量较差，多数区域预测不可靠，建议谨慎使用或重新预测
backbone_backbone_0009_proteinmpnn_008,100,较差,19.065189399999998,4.0428865979381445,4.084041237113403,13.12453966480447,23.544734733893556,8.799999999999999,6.29,8.63,76.28,1,50,100,结构预测质量较差，多数区域预测不可靠，建议谨慎使用或重新预测
backbone_backbone_0010_proteinmpnn_001,100,良好,6.9008127,1.04719793814433,1.0685092783505155,3.0105575418994412,8.857965826330533,34.29,45.08,14.67,5.96,1,50,100,结构预测质量较好，主要区域的距离预测可靠，适合用于功能分析
backbone_backbone_0010_proteinmpnn_002,100,较差,15.138637300000003,1.5878494845360824,1.5944288659793815,5.690426815642457,19.97403277310924,24.95,8.58,7.199999999999999,59.27,1,50,100,结构预测质量较差，多数区域预测不可靠，建议谨慎使用或重新预测
backbone_backbone_0010_proteinmpnn_003,100,中等,11.2235375,1.193962886597938,1.2118577319587627,3.2094290502793292,15.482318487394958,32.800000000000004,18.740000000000002,14.91,33.550000000000004,1,50,100,结构预测质量一般，部分区域可能不可靠，需要结合其他证据进行分析
backbone_backbone_0010_proteinmpnn_004,100,中等,13.955774299999998,1.3381422680412371,1.3636742268041238,4.454462569832402,19.664490476190476,28.43,16.41,12.25,42.91,1,50,100,结构预测质量一般，部分区域可能不可靠，需要结合其他证据进行分析
backbone_backbone_0010_proteinmpnn_005,100,良好,6.3610769,1.11270412371134,1.13339587628866,3.2034525139664805,8.589287675070029,42.980000000000004,40.660000000000004,12.26,4.1000000000000005,1,50,100,结构预测质量较好，主要区域的距离预测可靠，适合用于功能分析
backbone_backbone_0010_proteinmpnn_006,100,差,21.1642084,3.5089659793814434,3.495243298969072,10.87093966480447,26.565909803921567,9.54,8.12,8.82,73.52,1,50,100,结构预测质量很差，大部分区域不可靠，不建议使用该预测结果
backbone_backbone_0010_proteinmpnn_007,100,较差,19.9233364,3.0365185567010307,3.0750350515463913,9.668450279329608,25.60229075630252,13.320000000000002,9.83,8.58,68.27,1,50,100,结构预测质量较差，多数区域预测不可靠，建议谨慎使用或重新预测
backbone_backbone_0010_proteinmpnn_008,100,中等,12.6781861,1.629861855670103,1.6423608247422683,5.752017877094971,16.318817086834734,20.810000000000002,16.220000000000002,15.83,47.14,1,50,100,结构预测质量一般，部分区域可能不可靠，需要结合其他证据进行分析
backbone_backbone_0011_proteinmpnn_001,100,较差,19.058896,2.7042690721649487,2.81200206185567,9.158773184357543,23.520446778711484,17.78,11.93,8.25,62.03999999999999,1,50,100,结构预测质量较差，多数区域预测不可靠，建议谨慎使用或重新预测
backbone_backbone_0011_proteinmpnn_002,100,中等,14.440033000000001,1.8115123711340206,1.8180701030927837,6.5427027932960895,18.1858081232493,20.86,10.31,15.4,53.43,1,50,100,结构预测质量一般，部分区域可能不可靠，需要结合其他证据进行分析
backbone_backbone_0011_proteinmpnn_003,100,较差,18.9190962,2.0344474226804126,2.1032659793814434,7.434884916201118,24.251234453781514,19.97,7.51,7.000000000000001,65.52,1,50,100,结构预测质量较差，多数区域预测不可靠，建议谨慎使用或重新预测
backbone_backbone_0011_proteinmpnn_004,100,差,20.4849072,2.8550412371134017,2.9398556701030927,9.910315083798883,25.783616526610643,17.11,6.77,5.2299999999999995,70.89,1,50,100,结构预测质量很差，大部分区域不可靠，不建议使用该预测结果
backbone_backbone_0011_proteinmpnn_005,100,较差,18.815873999999997,2.3276082474226807,2.345383505154639,7.709137430167598,23.826036974789915,17.29,9.35,7.16,66.2,1,50,100,结构预测质量较差，多数区域预测不可靠，建议谨慎使用或重新预测
backbone_backbone_0011_proteinmpnn_006,100,差,21.9949455,3.3009371134020613,3.442255670103093,12.02644469273743,27.278573389355746,15.010000000000002,6.3100000000000005,4.49,74.19,1,50,100,结构预测质量很差，大部分区域不可靠，不建议使用该预测结果
backbone_backbone_0011_proteinmpnn_007,100,较差,19.794641499999997,2.3139515463917526,2.3644907216494846,8.216051396648044,25.05052492997199,18.87,7.07,5.510000000000001,68.55,1,50,100,结构预测质量较差，多数区域预测不可靠，建议谨慎使用或重新预测
backbone_backbone_0011_proteinmpnn_008,100,中等,10.680207800000002,1.1090731958762885,1.1127690721649484,2.9126927374301674,13.278357142857143,34.300000000000004,20.03,14.75,30.919999999999998,1,50,100,结构预测质量一般，部分区域可能不可靠，需要结合其他证据进行分析
backbone_backbone_0012_proteinmpnn_001,100,较差,15.782091699999999,1.5754350515463917,1.6111896907216499,5.405157541899442,21.60721568627451,25.7,9.719999999999999,9.73,54.85,1,50,100,结构预测质量较差，多数区域预测不可靠，建议谨慎使用或重新预测
backbone_backbone_0012_proteinmpnn_002,100,中等,11.2282716,1.0951824742268041,1.1085546391752574,3.2034893854748603,16.599595798319328,33.379999999999995,18.72,14.74,33.160000000000004,1,50,100,结构预测质量一般，部分区域可能不可靠，需要结合其他证据进行分析
backbone_backbone_0012_proteinmpnn_003,100,较差,19.2147121,2.944,3.0197999999999996,10.099103910614526,25.132339775910367,16.81,8.82,6.67,67.7,1,50,100,结构预测质量较差，多数区域预测不可靠，建议谨慎使用或重新预测
backbone_backbone_0012_proteinmpnn_004,100,较差,17.9212725,2.3517319587628864,2.3631010309278353,8.226658100558659,23.944956862745098,20.200000000000003,8.77,6.61,64.42,1,50,100,结构预测质量较差，多数区域预测不可靠，建议谨慎使用或重新预测
backbone_backbone_0012_proteinmpnn_005,100,较差,19.643787200000002,2.6557484536082474,2.738094845360825,9.700841340782123,25.609929411764703,19.46,7.1,5.33,68.11,1,50,100,结构预测质量较差，多数区域预测不可靠，建议谨慎使用或重新预测
backbone_backbone_0012_proteinmpnn_006,100,差,20.895805499999998,3.3025680412371132,3.3253134020618558,10.824873743016761,26.744886834733894,14.09,8.799999999999999,6.23,70.88,1,50,100,结构预测质量很差，大部分区域不可靠，不建议使用该预测结果
backbone_backbone_0012_proteinmpnn_007,100,中等,12.1510088,1.9075298969072165,1.9407525773195873,6.133633519553072,16.974385154061626,22.67,17.41,21.52,38.4,1,50,100,结构预测质量一般，部分区域可能不可靠，需要结合其他证据进行分析
backbone_backbone_0012_proteinmpnn_008,100,差,20.4485576,3.498114432989691,3.5460164948453614,11.988264804469273,26.171066666666665,15.42,7.68,5.19,71.71,1,50,100,结构预测质量很差，大部分区域不可靠，不建议使用该预测结果
backbone_backbone_0013_proteinmpnn_001,100,较差,18.5584114,1.8160412371134023,1.8321670103092784,6.380817877094972,24.31757394957983,20.169999999999998,7.960000000000001,7.48,64.39,1,50,100,结构预测质量较差，多数区域预测不可靠，建议谨慎使用或重新预测
backbone_backbone_0013_proteinmpnn_002,100,较差,15.641982800000001,1.7675546391752577,1.794657731958763,5.798787709497208,21.91881456582633,23.330000000000002,12.24,10.66,53.769999999999996,1,50,100,结构预测质量较差，多数区域预测不可靠，建议谨慎使用或重新预测
backbone_backbone_0013_proteinmpnn_003,100,中等,14.682263899999999,1.6773247422680413,1.7122865979381445,5.188696089385474,20.807290476190477,21.88,14.14,14.069999999999999,49.91,1,50,100,结构预测质量一般，部分区域可能不可靠，需要结合其他证据进行分析
backbone_backbone_0013_proteinmpnn_004,100,中等,13.5328057,1.6335113402061854,1.6629216494845362,4.741839106145251,18.192834453781515,22.89,16.28,15.5,45.33,1,50,100,结构预测质量一般，部分区域可能不可靠，需要结合其他证据进行分析
backbone_backbone_0013_proteinmpnn_005,100,中等,9.0154912,1.9104515463917524,1.9235340206185567,5.898509497206704,11.25877450980392,21.19,37.6,30.9,10.31,1,50,100,结构预测质量一般，部分区域可能不可靠，需要结合其他证据进行分析
backbone_backbone_0013_proteinmpnn_006,100,差,20.5675489,3.3496,3.393189690721649,10.894397765363129,25.927906442577033,11.27,8.39,7.5200000000000005,72.82,1,50,100,结构预测质量很差，大部分区域不可靠，不建议使用该预测结果
backbone_backbone_0013_proteinmpnn_007,100,中等,13.4338446,1.9533463917525775,1.9566536082474228,6.793320670391061,17.881619887955182,19.31,9.4,26.83,44.46,1,50,100,结构预测质量一般，部分区域可能不可靠，需要结合其他证据进行分析
backbone_backbone_0013_proteinmpnn_008,100,较差,19.578184000000004,2.4202030927835048,2.488727835051546,8.848550837988828,25.4484512605042,15.25,8.72,8.0,68.03,1,50,100,结构预测质量较差，多数区域预测不可靠，建议谨慎使用或重新预测
backbone_backbone_0014_proteinmpnn_001,100,较差,16.2545059,2.966920618556701,2.9586701030927833,10.013244692737429,20.303295238095238,11.899999999999999,18.42,17.07,52.61,1,50,100,结构预测质量较差，多数区域预测不可靠，建议谨慎使用或重新预测
backbone_backbone_0014_proteinmpnn_002,100,差,22.2490315,3.811342268041237,3.925756701030928,13.015670391061452,27.44224285714286,9.969999999999999,7.380000000000001,6.619999999999999,76.03,2,50,100,结构预测质量很差，大部分区域不可靠，不建议使用该预测结果
backbone_backbone_0014_proteinmpnn_003,100,较差,15.4889434,2.577903092783505,2.6000948453608244,8.832286033519553,19.508922969187672,15.4,22.2,11.41,50.99,1,50,100,结构预测质量较差，多数区域预测不可靠，建议谨慎使用或重新预测
backbone_backbone_0014_proteinmpnn_004,100,中等,12.7942795,2.631775257731959,2.612560824742268,8.60406815642458,14.66346918767507,13.639999999999999,14.760000000000002,33.35,38.25,1,50,100,结构预测质量一般，部分区域可能不可靠，需要结合其他证据进行分析
backbone_backbone_0014_proteinmpnn_005,100,较差,16.0054214,2.971640206185567,2.9962865979381443,10.106067039106145,20.00348207282913,13.73,17.599999999999998,13.83,54.84,1,50,100,结构预测质量较差，多数区域预测不可靠，建议谨慎使用或重新预测
backbone_backbone_0014_proteinmpnn_006,100,中等,12.3864816,2.298330927835052,2.335435051546392,7.557181005586592,14.488913725490196,16.689999999999998,22.86,21.55,38.9,1,50,100,结构预测质量一般，部分区域可能不可靠，需要结合其他证据进行分析
backbone_backbone_0014_proteinmpnn_007,100,较差,15.386821500000002,2.9537154639175256,2.9762742268041236,10.096582122905026,18.48019299719888,11.81,12.61,19.64,55.94,1,50,100,结构预测质量较差，多数区域预测不可靠，建议谨慎使用或重新预测
backbone_backbone_0014_proteinmpnn_008,100,差,23.6377547,5.073759793814434,5.179346391752578,16.801107262569836,28.17747394957983,5.79,6.140000000000001,5.76,82.31,2,24,100,结构预测质量很差，大部分区域不可靠，不建议使用该预测结果
backbone_backbone_0015_proteinmpnn_001,100,较差,16.5910614,2.1190360824742265,2.141936082474227,6.507329608938548,22.74004117647059,19.77,11.899999999999999,10.22,58.10999999999999,1,50,100,结构预测质量较差，多数区域预测不可靠，建议谨慎使用或重新预测
backbone_backbone_0015_proteinmpnn_002,100,中等,10.9509488,1.7114505154639175,1.7352927835051546,5.449868156424581,15.32563837535014,28.49,24.779999999999998,16.84,29.89,1,50,100,结构预测质量一般，部分区域可能不可靠，需要结合其他证据进行分析
backbone_backbone_0015_proteinmpnn_003,100,中等,14.3475956,1.889424742268041,1.9334886597938146,6.018111731843575,20.197847899159665,23.48,14.34,14.32,47.86,1,50,100,结构预测质量一般，部分区域可能不可靠，需要结合其他证据进行分析
backbone_backbone_0015_proteinmpnn_004,100,差,20.0823292,3.1497649484536083,3.1541649484536083,9.768335195530726,25.908961064425775,13.56,9.75,8.01,68.67999999999999,1,50,100,结构预测质量很差，大部分区域不可靠，不建议使用该预测结果
backbone_backbone_0015_proteinmpnn_005,100,较差,17.0063894,2.211177319587629,2.2005525773195878,6.9104167597765365,23.177974229691877,16.82,12.29,11.33,59.56,1,50,100,结构预测质量较差，多数区域预测不可靠，建议谨慎使用或重新预测
backbone_backbone_0015_proteinmpnn_006,100,差,20.2846309,2.880846391752577,2.8886804123711345,9.660030167597766,26.215997478991596,13.52,8.52,7.99,69.97,1,50,100,结构预测质量很差，大部分区域不可靠，不建议使用该预测结果
backbone_backbone_0015_proteinmpnn_007,100,中等,11.7592994,2.163207216494845,2.204564948453608,7.0623664804469275,15.059101680672269,23.25,21.86,21.89,33.0,1,50,100,结构预测质量一般，部分区域可能不可靠，需要结合其他证据进行分析
backbone_backbone_0015_proteinmpnn_008,100,中等,13.787317499999999,2.224201030927835,2.2264144329896904,7.22733184357542,18.449436414565827,17.26,16.009999999999998,22.939999999999998,43.79,1,50,100,结构预测质量一般，部分区域可能不可靠，需要结合其他证据进行分析
backbone_backbone_0016_proteinmpnn_001,100,较差,19.0907186,2.888869072164949,2.929251546391753,9.57537877094972,24.2158731092437,12.989999999999998,9.1,10.85,67.06,1,50,100,结构预测质量较差，多数区域预测不可靠，建议谨慎使用或重新预测
backbone_backbone_0016_proteinmpnn_002,100,较差,19.0973037,2.595537113402062,2.624884536082474,8.966491620111732,24.318322128851538,13.819999999999999,9.69,9.75,66.74,1,50,100,结构预测质量较差，多数区域预测不可靠，建议谨慎使用或重新预测
backbone_backbone_0016_proteinmpnn_003,100,差,20.5077819,3.7252793814432987,3.737554639175258,11.2682469273743,25.213371988795522,10.14,9.59,9.01,71.26,1,50,100,结构预测质量很差，大部分区域不可靠，不建议使用该预测结果
backbone_backbone_0016_proteinmpnn_004,100,差,21.0612986,3.585719587628866,3.588948453608247,11.296806703910613,26.288247338935577,9.629999999999999,8.649999999999999,8.67,73.05,1,50,100,结构预测质量很差，大部分区域不可靠，不建议使用该预测结果
backbone_backbone_0016_proteinmpnn_005,100,中等,12.6204366,1.4416298969072163,1.4485505154639173,5.256441340782123,15.897087114845936,26.0,18.72,19.75,35.53,1,50,100,结构预测质量一般，部分区域可能不可靠，需要结合其他证据进行分析
backbone_backbone_0016_proteinmpnn_006,100,中等,14.8663793,2.135592783505155,2.134210309278351,6.289559776536311,20.083378431372548,18.7,16.400000000000002,16.39,48.51,1,50,100,结构预测质量一般，部分区域可能不可靠，需要结合其他证据进行分析
backbone_backbone_0016_proteinmpnn_007,100,中等,11.978969900000001,1.7527268041237114,1.7739731958762888,6.241356424581006,14.320782352941178,19.97,12.97,31.369999999999997,35.69,1,50,100,结构预测质量一般，部分区域可能不可靠，需要结合其他证据进行分析
backbone_backbone_0016_proteinmpnn_008,100,中等,10.0046137,1.0732628865979381,1.0884907216494843,2.705113966480447,12.744783473389356,34.57,22.509999999999998,17.1,25.82,1,50,100,结构预测质量一般，部分区域可能不可靠，需要结合其他证据进行分析
backbone_backbone_0017_proteinmpnn_001,100,良好,6.7567528999999995,0.8808659793814433,0.8900144329896907,2.189554189944134,8.820993277310924,42.07,32.5,20.61,4.82,1,50,100,结构预测质量较好，主要区域的距离预测可靠，适合用于功能分析
backbone_backbone_0017_proteinmpnn_002,100,优秀,4.2242991000000005,0.8149742268041237,0.8261690721649485,1.9222458100558657,5.318558263305322,71.33,22.99,3.6999999999999997,1.9800000000000002,1,50,100,结构预测质量非常高，大部分残基间距离预测准确，可以直接用于后续分析
backbone_backbone_0017_proteinmpnn_003,100,差,20.3056717,2.88129381443299,2.865822680412371,9.209929608938547,25.608735854341738,15.110000000000001,10.5,7.01,67.38,1,50,100,结构预测质量很差，大部分区域不可靠，不建议使用该预测结果
backbone_backbone_0017_proteinmpnn_004,100,优秀,4.1901939,0.7849288659793815,0.7937752577319588,1.8819743016759778,5.46454705882353,72.0,22.37,3.6900000000000004,1.94,1,50,100,结构预测质量非常高，大部分残基间距离预测准确，可以直接用于后续分析
backbone_backbone_0017_proteinmpnn_005,100,较差,17.820867599999996,2.5182876288659792,2.5082742268041236,7.1520156424581005,22.890337535014005,16.13,13.780000000000001,10.530000000000001,59.56,1,50,100,结构预测质量较差，多数区域预测不可靠，建议谨慎使用或重新预测
backbone_backbone_0017_proteinmpnn_006,100,中等,14.742266999999998,1.2777690721649484,1.2971092783505156,4.056022346368715,19.771146218487395,32.07,12.389999999999999,7.42,48.120000000000005,1,50,100,结构预测质量一般，部分区域可能不可靠，需要结合其他证据进行分析
backbone_backbone_0017_proteinmpnn_007,100,较差,17.7170941,2.226968041237113,2.2151340206185566,6.6778022346368715,22.7434243697479,16.919999999999998,12.24,11.15,59.69,1,50,100,结构预测质量较差，多数区域预测不可靠，建议谨慎使用或重新预测
backbone_backbone_0017_proteinmpnn_008,100,较差,16.7634055,2.25829793814433,2.233579381443299,6.446225698324022,21.475261624649857,15.790000000000001,13.170000000000002,13.94,57.099999999999994,1,50,100,结构预测质量较差，多数区域预测不可靠，建议谨慎使用或重新预测
backbone_backbone_0018_proteinmpnn_001,100,较差,18.2523018,2.3324484536082473,2.323818556701031,7.428783240223464,23.52223977591036,17.64,10.51,8.05,63.800000000000004,1,50,100,结构预测质量较差，多数区域预测不可靠，建议谨慎使用或重新预测
backbone_backbone_0018_proteinmpnn_002,100,中等,11.2890477,1.0383309278350517,1.0345917525773196,2.8866167597765364,14.954084033613446,36.91,13.719999999999999,10.84,38.53,1,50,100,结构预测质量一般，部分区域可能不可靠，需要结合其他证据进行分析
backbone_backbone_0018_proteinmpnn_003,100,较差,15.688812100000002,2.129245360824742,2.1532865979381444,7.31063910614525,20.24124677871148,20.54,9.379999999999999,8.7,61.38,1,50,100,结构预测质量较差，多数区域预测不可靠，建议谨慎使用或重新预测
backbone_backbone_0018_proteinmpnn_004,100,良好,5.1144482,0.9313371134020619,0.9478969072164949,2.441418994413408,6.556604201680672,61.62,29.01,4.9,4.47,1,50,100,结构预测质量较好，主要区域的距离预测可靠，适合用于功能分析
backbone_backbone_0018_proteinmpnn_005,100,较差,18.7238763,2.1243484536082473,2.1310659793814435,7.313425698324023,24.163339215686275,16.21,8.959999999999999,9.700000000000001,65.13,1,50,100,结构预测质量较差，多数区域预测不可靠，建议谨慎使用或重新预测
backbone_backbone_0018_proteinmpnn_006,100,中等,12.645516399999998,1.4923721649484536,1.501457731958763,4.722436871508379,15.706361624649858,30.669999999999998,10.32,8.75,50.260000000000005,1,50,100,结构预测质量一般，部分区域可能不可靠，需要结合其他证据进行分析
backbone_backbone_0018_proteinmpnn_007,100,较差,16.309232,1.8734103092783503,1.8627567010309278,5.660859217877095,20.96826218487395,20.53,12.1,11.01,56.36,1,50,100,结构预测质量较差，多数区域预测不可靠，建议谨慎使用或重新预测
backbone_backbone_0018_proteinmpnn_008,100,较差,15.5490201,1.5920247422680411,1.596915463917526,5.035497206703911,19.81044649859944,26.8,11.51,7.1499999999999995,54.54,1,50,100,结构预测质量较差，多数区域预测不可靠，建议谨慎使用或重新预测
backbone_backbone_0019_proteinmpnn_001,100,中等,14.4245461,1.7160340206185565,1.762461855670103,5.736831284916201,17.853649859943978,21.45,12.590000000000002,18.95,47.010000000000005,1,50,100,结构预测质量一般，部分区域可能不可靠，需要结合其他证据进行分析
backbone_backbone_0019_proteinmpnn_002,100,差,22.802226,3.8538659793814434,3.9976907216494846,13.649613407821228,27.976982913165266,9.520000000000001,7.07,6.72,76.69,2,50,100,结构预测质量很差，大部分区域不可靠，不建议使用该预测结果
backbone_backbone_0019_proteinmpnn_003,100,差,21.4716451,3.48659793814433,3.5450886597938145,11.555359776536314,26.753107563025214,10.41,8.58,8.16,72.85000000000001,1,50,100,结构预测质量很差，大部分区域不可靠，不建议使用该预测结果
backbone_backbone_0019_proteinmpnn_004,100,差,23.5807241,3.9527268041237114,4.147911340206186,15.092054748603351,28.512355742296915,10.05,5.96,4.78,79.21000000000001,1,43,100,结构预测质量很差，大部分区域不可靠，不建议使用该预测结果
backbone_backbone_0019_proteinmpnn_005,100,较差,19.6676384,2.651335051546391,2.6643690721649484,9.359753072625697,24.978228011204482,15.78,8.0,7.3,68.92,1,50,100,结构预测质量较差，多数区域预测不可靠，建议谨慎使用或重新预测
backbone_backbone_0019_proteinmpnn_006,100,中等,10.848172799999999,1.1143865979381442,1.1399917525773198,3.4838849162011174,12.677001400560226,34.74,19.3,14.56,31.4,1,50,100,结构预测质量一般，部分区域可能不可靠，需要结合其他证据进行分析
backbone_backbone_0019_proteinmpnn_007,100,差,21.3587252,3.351590721649484,3.367787628865979,11.1229217877095,26.616978991596635,11.33,8.01,7.88,72.78,1,50,100,结构预测质量很差，大部分区域不可靠，不建议使用该预测结果
backbone_backbone_0019_proteinmpnn_008,100,差,22.543879800000003,4.068946391752577,4.2001298969072165,13.539467039106144,27.873973389355744,8.63,7.580000000000001,7.33,76.46,2,50,100,结构预测质量很差，大部分区域不可靠，不建议使用该预测结果
protein_backbone_0_esm_if_001,100,较差,15.819267800000002,3.090640206185567,3.1013298969072163,9.96222905027933,19.304868067226895,11.61,9.790000000000001,18.12,60.480000000000004,1,50,100,结构预测质量较差，多数区域预测不可靠，建议谨慎使用或重新预测
protein_backbone_0_esm_if_002,100,较差,16.8867097,2.803514432989691,2.838274226804124,9.937147486033519,20.36239019607843,12.86,9.049999999999999,12.72,65.36999999999999,1,50,100,结构预测质量较差，多数区域预测不可靠，建议谨慎使用或重新预测
protein_backbone_0_esm_if_003,100,较差,17.4813957,2.981467010309278,3.0182371134020616,10.607684916201118,21.690149579831935,11.799999999999999,7.59,10.67,69.94,1,50,100,结构预测质量较差，多数区域预测不可靠，建议谨慎使用或重新预测
protein_backbone_0_esm_if_004,100,较差,19.6624636,4.035309278350516,4.077903092783505,13.22128938547486,23.490648459383753,8.85,6.72,7.12,77.31,1,50,100,结构预测质量较差，多数区域预测不可靠，建议谨慎使用或重新预测
protein_backbone_0_esm_if_005,100,较差,15.8303559,2.5312835051546396,2.5233134020618557,8.812719553072625,19.42550532212885,14.31,8.89,15.52,61.28,1,50,100,结构预测质量较差，多数区域预测不可靠，建议谨慎使用或重新预测
protein_backbone_0_esm_if_006,100,差,21.4979146,4.696377319587628,4.813534020618557,14.925721787709499,25.54869019607843,6.7299999999999995,6.260000000000001,6.54,80.47,1,37,100,结构预测质量很差，大部分区域不可靠，不建议使用该预测结果
protein_backbone_0_esm_if_007,100,较差,16.4671537,2.986119587628866,2.972830927835051,9.89577094972067,19.903917647058826,12.06,8.01,17.06,62.870000000000005,1,50,100,结构预测质量较差，多数区域预测不可靠，建议谨慎使用或重新预测
protein_backbone_0_esm_if_008,100,较差,19.1288949,2.723163917525773,2.7493835051546394,10.010233519553072,24.105972549019604,14.67,6.68,7.07,71.58,1,50,100,结构预测质量较差，多数区域预测不可靠，建议谨慎使用或重新预测
protein_backbone_0_esm_if_009,100,中等,13.039663699999998,2.423375257731959,2.4376391752577318,8.133340782122906,16.472285994397758,14.93,12.370000000000001,31.369999999999997,41.33,1,50,100,结构预测质量一般，部分区域可能不可靠，需要结合其他证据进行分析
protein_backbone_0_esm_if_010,100,较差,15.944449599999999,2.827788659793814,2.832298969072165,9.423944134078212,19.254661344537816,12.55,8.76,16.25,62.44,1,50,100,结构预测质量较差，多数区域预测不可靠，建议谨慎使用或重新预测
protein_backbone_10_esm_if_001,100,中等,12.2148021,2.3807783505154645,2.385756701030928,7.332747486033519,14.46154481792717,16.05,19.650000000000002,29.349999999999998,34.949999999999996,1,50,100,结构预测质量一般，部分区域可能不可靠，需要结合其他证据进行分析
protein_backbone_10_esm_if_002,100,中等,14.226211300000001,1.9347515463917526,1.9222268041237114,6.700946368715083,18.769768067226895,18.68,10.5,14.510000000000002,56.31,1,50,100,结构预测质量一般，部分区域可能不可靠，需要结合其他证据进行分析
protein_backbone_10_esm_if_003,100,较差,15.496186100000001,2.470541237113402,2.466125773195876,8.827804469273744,19.806504481792718,15.47,7.23,13.930000000000001,63.370000000000005,1,50,100,结构预测质量较差，多数区域预测不可靠，建议谨慎使用或重新预测
protein_backbone_10_esm_if_004,100,中等,14.7771725,2.776428865979381,2.8141402061855674,9.624652513966481,18.969101680672267,13.200000000000001,9.76,20.18,56.86,1,50,100,结构预测质量一般，部分区域可能不可靠，需要结合其他证据进行分析
protein_backbone_10_esm_if_005,100,较差,15.943211600000001,2.1450896907216497,2.189618556701031,7.563826815642458,20.500045098039212,16.46,10.07,13.5,59.97,1,50,100,结构预测质量较差，多数区域预测不可靠，建议谨慎使用或重新预测
protein_backbone_10_esm_if_006,100,较差,16.5405762,3.063716494845361,3.118964948453608,10.293782122905029,20.463668347338935,12.41,8.200000000000001,12.920000000000002,66.47,1,50,100,结构预测质量较差，多数区域预测不可靠，建议谨慎使用或重新预测
protein_backbone_10_esm_if_007,100,中等,14.171818700000001,2.251952577319588,2.2972268041237114,7.901395530726257,17.972718207282917,16.400000000000002,9.82,23.189999999999998,50.59,1,50,100,结构预测质量一般，部分区域可能不可靠，需要结合其他证据进行分析
protein_backbone_10_esm_if_008,100,较差,16.851226800000003,3.8308855670103092,3.871785567010309,12.815139664804468,20.240430532212883,8.43,7.000000000000001,12.790000000000001,71.78,1,50,100,结构预测质量较差，多数区域预测不可靠，建议谨慎使用或重新预测
protein_backbone_10_esm_if_009,100,较差,15.312804199999999,2.075875257731959,2.106587628865979,7.756339664804468,20.363882352941175,17.78,8.42,10.8,63.0,1,50,100,结构预测质量较差，多数区域预测不可靠，建议谨慎使用或重新预测
protein_backbone_10_esm_if_010,100,中等,14.328368300000001,2.2460731958762885,2.324228865979381,8.516582122905028,19.000104201680674,15.879999999999999,9.66,19.650000000000002,54.81,1,50,100,结构预测质量一般，部分区域可能不可靠，需要结合其他证据进行分析
protein_backbone_11_esm_if_001,100,差,20.3748737,3.070064948453608,3.156138144329897,10.6340312849162,25.228209243697478,11.63,7.91,8.1,72.36,1,50,100,结构预测质量很差，大部分区域不可靠，不建议使用该预测结果
protein_backbone_11_esm_if_002,100,较差,16.0078848,2.7136134020618554,2.736540206185567,9.171080446927375,19.663347619047624,12.9,8.49,14.56,64.05,1,50,100,结构预测质量较差，多数区域预测不可靠，建议谨慎使用或重新预测
protein_backbone_11_esm_if_003,100,较差,16.3763325,2.051374226804124,2.0709505154639176,7.637395530726257,20.291816806722686,17.0,9.07,9.08,64.85,1,50,100,结构预测质量较差，多数区域预测不可靠，建议谨慎使用或重新预测
protein_backbone_11_esm_if_004,100,中等,14.6095763,2.471823711340206,2.4756082474226804,8.304841340782122,18.1777731092437,15.39,10.34,21.14,53.13,1,50,100,结构预测质量一般，部分区域可能不可靠，需要结合其他证据进行分析
protein_backbone_11_esm_if_005,100,较差,18.597941,2.8518927835051544,2.899734020618557,10.160881564245809,22.847562464985998,12.049999999999999,8.18,10.440000000000001,69.33,1,50,100,结构预测质量较差，多数区域预测不可靠，建议谨慎使用或重新预测
protein_backbone_11_esm_if_006,100,差,22.4586974,5.385738144329897,5.519358762886598,17.230003351955308,26.40277675070028,5.2299999999999995,5.75,5.54,83.48,1,7,100,结构预测质量很差，大部分区域不可靠，不建议使用该预测结果
protein_backbone_11_esm_if_007,100,较差,15.1351163,2.4487865979381445,2.472527835051546,7.929709497206704,18.800705882352943,14.71,12.540000000000001,15.42,57.330000000000005,1,50,100,结构预测质量较差，多数区域预测不可靠，建议谨慎使用或重新预测
protein_backbone_11_esm_if_008,100,较差,19.299497499999998,2.563232989690722,2.6014226804123712,9.343045810055868,24.413927170868348,14.680000000000001,8.459999999999999,6.87,69.99,1,50,100,结构预测质量较差，多数区域预测不可靠，建议谨慎使用或重新预测
protein_backbone_11_esm_if_009,100,较差,15.4157128,2.1804391752577317,2.1964082474226805,7.697745251396648,19.45833221288515,16.23,12.32,12.29,59.160000000000004,1,50,100,结构预测质量较差，多数区域预测不可靠，建议谨慎使用或重新预测
protein_backbone_11_esm_if_010,100,中等,14.836211800000001,2.1810216494845363,2.213824742268041,7.566469273743016,18.37342212885154,16.53,10.66,15.58,57.230000000000004,1,50,100,结构预测质量一般，部分区域可能不可靠，需要结合其他证据进行分析
protein_backbone_12_esm_if_001,100,较差,17.4369696,2.6970618556701034,2.7376247422680415,9.252008938547487,21.61486078431373,13.18,9.17,11.020000000000001,66.63,1,50,100,结构预测质量较差，多数区域预测不可靠，建议谨慎使用或重新预测
protein_backbone_12_esm_if_002,100,差,20.1096332,2.7134587628865976,2.779734020618557,9.137927374301677,25.799839495798317,12.44,9.58,9.35,68.63,1,50,100,结构预测质量很差，大部分区域不可靠，不建议使用该预测结果
protein_backbone_12_esm_if_003,100,较差,19.4866414,2.766379381443299,2.846373195876289,10.32352067039106,24.77841120448179,12.45,8.28,7.720000000000001,71.55,1,50,100,结构预测质量较差，多数区域预测不可靠，建议谨慎使用或重新预测
protein_backbone_12_esm_if_004,100,较差,18.8008001,4.084850515463917,4.17319175257732,13.255049162011174,22.54515490196078,8.14,7.720000000000001,8.55,75.59,1,50,100,结构预测质量较差，多数区域预测不可靠，建议谨慎使用或重新预测
protein_backbone_12_esm_if_005,100,较差,17.9298969,2.372849484536083,2.384026804123711,8.437944134078213,23.250313165266103,14.01,9.43,8.5,68.06,1,50,100,结构预测质量较差，多数区域预测不可靠，建议谨慎使用或重新预测
protein_backbone_12_esm_if_006,100,中等,13.569938800000001,1.7799051546391755,1.874098969072165,5.190953072625699,18.68621204481793,23.89,18.22,15.5,42.39,1,50,100,结构预测质量一般，部分区域可能不可靠，需要结合其他证据进行分析
protein_backbone_12_esm_if_007,100,较差,17.8956144,2.830074226804124,2.8484742268041243,10.127829050279331,23.294925770308122,12.2,8.37,10.14,69.28999999999999,1,50,100,结构预测质量较差，多数区域预测不可靠，建议谨慎使用或重新预测
protein_backbone_12_esm_if_008,100,中等,14.6288761,2.7152381443298967,2.7402783505154638,9.42879217877095,18.35645742296919,12.6,9.83,23.22,54.35,1,50,100,结构预测质量一般，部分区域可能不可靠，需要结合其他证据进行分析
protein_backbone_12_esm_if_009,100,较差,19.242067499999997,2.3132855670103094,2.3525690721649486,8.793938547486034,24.959793837535013,15.110000000000001,8.88,7.26,68.75,1,50,100,结构预测质量较差，多数区域预测不可靠，建议谨慎使用或重新预测
protein_backbone_12_esm_if_010,100,较差,17.733806599999998,2.857182474226804,2.8880556701030926,9.878610055865922,22.73146526610644,12.9,8.32,10.77,68.01,1,50,100,结构预测质量较差，多数区域预测不可靠，建议谨慎使用或重新预测
protein_backbone_13_esm_if_001,100,较差,19.9782239,2.688482474226804,2.709237113402062,9.423440223463686,25.477583193277315,12.5,8.77,8.19,70.54,1,50,100,结构预测质量较差，多数区域预测不可靠，建议谨慎使用或重新预测
protein_backbone_13_esm_if_002,100,中等,14.281403200000002,1.5507319587628867,1.5914556701030929,5.035717318435755,19.93666610644258,22.89,15.64,15.160000000000002,46.31,1,50,100,结构预测质量一般，部分区域可能不可靠，需要结合其他证据进行分析
protein_backbone_13_esm_if_003,100,较差,16.095181099999998,2.140582474226804,2.2030556701030926,7.338127374301676,19.599416806722687,17.68,11.57,11.01,59.74,1,50,100,结构预测质量较差，多数区域预测不可靠，建议谨慎使用或重新预测
protein_backbone_13_esm_if_004,100,较差,16.4320866,3.405129896907216,3.444441237113402,10.908769832402236,19.187607843137254,10.74,10.41,15.93,62.92,1,50,100,结构预测质量较差，多数区域预测不可靠，建议谨慎使用或重新预测
protein_backbone_13_esm_if_005,100,较差,18.262853600000003,3.0617123711340204,3.086632989690722,10.49433966480447,21.844461904761904,12.26,6.4399999999999995,9.610000000000001,71.69,1,50,100,结构预测质量较差，多数区域预测不可靠，建议谨慎使用或重新预测
protein_backbone_13_esm_if_006,100,较差,16.4506228,2.6501020618556703,2.6802577319587626,9.674100558659218,20.444051540616247,12.97,8.18,10.81,68.04,1,50,100,结构预测质量较差，多数区域预测不可靠，建议谨慎使用或重新预测
protein_backbone_13_esm_if_007,100,较差,18.919404200000002,2.3425082474226806,2.3892144329896907,8.090891620111732,24.064749579831933,14.899999999999999,9.77,9.569999999999999,65.75999999999999,1,50,100,结构预测质量较差，多数区域预测不可靠，建议谨慎使用或重新预测
protein_backbone_13_esm_if_008,100,较差,15.1963374,2.628570103092783,2.628216494845361,9.417116201117318,18.9161350140056,14.330000000000002,8.200000000000001,18.02,59.45,1,50,100,结构预测质量较差，多数区域预测不可靠，建议谨慎使用或重新预测
protein_backbone_13_esm_if_009,100,较差,17.8918579,3.0060742268041234,3.0237670103092786,11.19732625698324,22.145090196078435,11.53,7.5200000000000005,8.08,72.87,1,50,100,结构预测质量较差，多数区域预测不可靠，建议谨慎使用或重新预测
protein_backbone_13_esm_if_010,100,差,20.3800065,3.3472783505154635,3.3769711340206188,11.568686033519553,25.07502941176471,10.12,7.57,7.46,74.85000000000001,1,50,100,结构预测质量很差，大部分区域不可靠，不建议使用该预测结果
protein_backbone_14_esm_if_001,100,较差,19.818464600000002,4.48129587628866,4.553771134020618,14.502288268156423,23.287390476190474,6.97,6.58,7.61,78.84,1,42,100,结构预测质量较差，多数区域预测不可靠，建议谨慎使用或重新预测
protein_backbone_14_esm_if_002,100,较差,15.6512769,2.2678680412371133,2.301321649484536,7.503005586592179,19.097812324929972,16.75,11.020000000000001,16.72,55.510000000000005,1,50,100,结构预测质量较差，多数区域预测不可靠，建议谨慎使用或重新预测
protein_backbone_14_esm_if_003,100,较差,17.864285,2.3384814432989693,2.38679793814433,8.739930726256983,21.76924761904762,14.719999999999999,9.139999999999999,9.41,66.73,1,50,100,结构预测质量较差，多数区域预测不可靠，建议谨慎使用或重新预测
protein_backbone_14_esm_if_004,100,较差,17.354600199999997,4.113910309278351,4.155331958762887,13.303645810055867,20.216818487394953,8.62,9.2,14.430000000000001,67.75,1,50,100,结构预测质量较差，多数区域预测不可靠，建议谨慎使用或重新预测
protein_backbone_14_esm_if_005,100,较差,17.414921000000003,3.755946391752577,3.8037608247422683,12.330267039106145,20.625583193277308,9.89,6.97,12.86,70.28,1,50,100,结构预测质量较差，多数区域预测不可靠，建议谨慎使用或重新预测
protein_backbone_14_esm_if_006,100,较差,18.9729253,3.591174226804124,3.6406556701030928,11.825008938547485,23.071178711484595,9.47,7.57,9.53,73.42999999999999,1,50,100,结构预测质量较差，多数区域预测不可靠，建议谨慎使用或重新预测
protein_backbone_14_esm_if_007,100,较差,19.1113257,3.888918556701031,3.949041237113402,13.17189720670391,22.80527254901961,8.559999999999999,7.109999999999999,11.87,72.46000000000001,1,50,100,结构预测质量较差，多数区域预测不可靠，建议谨慎使用或重新预测
protein_backbone_14_esm_if_008,100,较差,16.941958500000002,4.259311340206185,4.326552577319588,12.97590279329609,19.0482918767507,8.05,7.79,13.44,70.72,1,50,100,结构预测质量较差，多数区域预测不可靠，建议谨慎使用或重新预测
protein_backbone_14_esm_if_009,100,中等,14.603945199999998,1.9406247422680412,1.9698927835051545,6.62222905027933,17.982268627450978,18.18,11.89,21.22,48.71,1,50,100,结构预测质量一般，部分区域可能不可靠，需要结合其他证据进行分析
protein_backbone_14_esm_if_010,100,差,20.034426999999997,3.6977690721649483,3.7257731958762887,12.659759776536314,24.179513165266105,9.33,7.2700000000000005,7.13,76.27000000000001,1,50,100,结构预测质量很差，大部分区域不可靠，不建议使用该预测结果
protein_backbone_15_esm_if_001,100,较差,19.3155027,3.0719185567010308,3.0985670103092784,10.985281564245811,23.575883473389357,10.89,7.670000000000001,8.75,72.69,1,50,100,结构预测质量较差，多数区域预测不可靠，建议谨慎使用或重新预测
protein_backbone_15_esm_if_002,100,中等,13.777079700000002,2.285371134020619,2.2773237113402063,7.902634636871508,17.414537815126053,14.729999999999999,13.100000000000001,24.4,47.77,1,50,100,结构预测质量一般，部分区域可能不可靠，需要结合其他证据进行分析
protein_backbone_15_esm_if_003,100,较差,17.8533803,2.4096711340206185,2.424886597938144,8.206892737430168,21.668948739495796,15.010000000000002,9.09,10.63,65.27,1,50,100,结构预测质量较差，多数区域预测不可靠，建议谨慎使用或重新预测
protein_backbone_15_esm_if_004,100,较差,17.058898099999997,3.404984536082474,3.4215979381443296,10.731215642458102,20.55464957983194,10.95,10.290000000000001,13.08,65.68,1,50,100,结构预测质量较差，多数区域预测不可靠，建议谨慎使用或重新预测
protein_backbone_15_esm_if_005,100,中等,14.0912522,2.4561144329896907,2.436410309278351,8.220027932960893,17.412428851540614,14.13,12.49,21.279999999999998,52.1,1,50,100,结构预测质量一般，部分区域可能不可靠，需要结合其他证据进行分析
protein_backbone_15_esm_if_006,100,较差,16.5507737,3.5195082474226806,3.5145278350515468,11.29632402234637,19.298822128851544,9.82,7.7,14.829999999999998,67.65,1,50,100,结构预测质量较差，多数区域预测不可靠，建议谨慎使用或重新预测
protein_backbone_15_esm_if_007,100,中等,11.141531700000002,1.8153505154639176,1.8477278350515465,5.748734078212291,14.362336974789915,20.96,29.580000000000002,22.85,26.61,1,50,100,结构预测质量一般，部分区域可能不可靠，需要结合其他证据进行分析
protein_backbone_15_esm_if_008,100,较差,16.7796092,2.976254639175258,3.010362886597938,10.582158659217878,20.394129411764705,12.1,7.3999999999999995,11.78,68.72,1,50,100,结构预测质量较差，多数区域预测不可靠，建议谨慎使用或重新预测
protein_backbone_15_esm_if_009,100,较差,17.0336604,3.206841237113402,3.211680412371134,10.94837877094972,20.710558263305323,10.75,8.59,12.7,67.96,1,50,100,结构预测质量较差，多数区域预测不可靠，建议谨慎使用或重新预测
protein_backbone_15_esm_if_010,100,中等,14.1836745,3.2765896907216487,3.298286597938144,10.371582122905027,17.019557703081233,13.07,14.16,25.14,47.63,1,50,100,结构预测质量一般，部分区域可能不可靠，需要结合其他证据进行分析
protein_backbone_16_esm_if_001,100,较差,16.382268600000003,3.944737113402062,4.019542268041238,13.514061452513966,19.81253445378151,8.61,8.540000000000001,17.599999999999998,65.25,1,50,100,结构预测质量较差，多数区域预测不可靠，建议谨慎使用或重新预测
protein_backbone_16_esm_if_002,100,较差,17.4505874,3.319523711340206,3.3462742268041232,11.570170949720671,21.83346162464986,10.11,7.7299999999999995,9.99,72.17,1,50,100,结构预测质量较差，多数区域预测不可靠，建议谨慎使用或重新预测
protein_backbone_16_esm_if_003,100,较差,16.944229999999997,3.704272164948454,3.7440329896907216,12.429279329608939,20.90299075630252,10.61,6.619999999999999,13.52,69.25,1,50,100,结构预测质量较差，多数区域预测不可靠，建议谨慎使用或重新预测
protein_backbone_16_esm_if_004,100,较差,16.8351182,4.065471134020618,4.114008247422681,12.868478212290503,20.20412661064426,8.14,7.829999999999999,13.41,70.62,1,50,100,结构预测质量较差，多数区域预测不可靠，建议谨慎使用或重新预测
protein_backbone_16_esm_if_005,100,较差,18.3284878,3.2058288659793814,3.234103092783505,11.482726256983241,22.77456162464986,10.45,7.46,10.01,72.08,1,50,100,结构预测质量较差，多数区域预测不可靠，建议谨慎使用或重新预测
protein_backbone_16_esm_if_006,100,较差,17.248351599999996,4.0867938144329905,4.158169072164949,13.63397318435754,20.266880112044813,8.98,6.4399999999999995,15.690000000000001,68.89,1,50,100,结构预测质量较差，多数区域预测不可靠，建议谨慎使用或重新预测
protein_backbone_16_esm_if_007,100,较差,16.786344,3.038105154639175,3.0725010309278353,10.536753072625698,20.84083081232493,11.73,8.6,14.6,65.07,1,50,100,结构预测质量较差，多数区域预测不可靠，建议谨慎使用或重新预测
protein_backbone_16_esm_if_008,100,较差,17.0176414,2.853946391752577,2.881890721649485,10.338606703910614,21.105424369747897,11.93,7.31,12.04,68.72,1,50,100,结构预测质量较差，多数区域预测不可靠，建议谨慎使用或重新预测
protein_backbone_16_esm_if_009,100,较差,15.918100299999999,2.7073154639175256,2.718245360824742,9.514556424581006,19.91864201680672,13.020000000000001,9.01,14.510000000000002,63.46000000000001,1,50,100,结构预测质量较差，多数区域预测不可靠，建议谨慎使用或重新预测
protein_backbone_16_esm_if_010,100,较差,17.832294,3.573840206185567,3.603505154639176,11.908006703910614,21.95082492997199,9.91,7.7,11.450000000000001,70.94,1,50,100,结构预测质量较差，多数区域预测不可靠，建议谨慎使用或重新预测
protein_backbone_17_esm_if_001,100,较差,16.1351344,2.960312371134021,3.004536082474227,10.37345251396648,20.110896358543418,12.15,8.559999999999999,11.91,67.38,1,50,100,结构预测质量较差，多数区域预测不可靠，建议谨慎使用或重新预测
protein_backbone_17_esm_if_002,100,较差,17.8056655,2.053724742268041,2.0652,7.510766480446928,22.882659663865546,17.89,8.76,7.32,66.03,1,50,100,结构预测质量较差，多数区域预测不可靠，建议谨慎使用或重新预测
protein_backbone_17_esm_if_003,100,中等,11.8220156,1.673963917525773,1.697694845360825,6.082015642458101,14.605414005602242,19.869999999999997,14.249999999999998,31.05,34.83,1,50,100,结构预测质量一般，部分区域可能不可靠，需要结合其他证据进行分析
protein_backbone_17_esm_if_004,100,较差,19.763976500000002,3.767817525773196,3.7988845360824746,12.176930726256982,23.909075910364145,8.94,7.6899999999999995,7.580000000000001,75.79,1,50,100,结构预测质量较差，多数区域预测不可靠，建议谨慎使用或重新预测
protein_backbone_17_esm_if_005,100,中等,12.2638992,1.1137855670103092,1.1415546391752578,3.3884681564245813,15.795894957983194,27.82,18.61,16.61,36.96,1,50,100,结构预测质量一般，部分区域可能不可靠，需要结合其他证据进行分析
protein_backbone_17_esm_if_006,100,中等,14.8296943,2.677124742268041,2.71379793814433,9.4671687150838,18.26966078431373,12.920000000000002,8.27,18.72,60.089999999999996,1,50,100,结构预测质量一般，部分区域可能不可靠，需要结合其他证据进行分析
protein_backbone_17_esm_if_007,100,较差,15.153588000000001,2.475832989690722,2.5155690721649484,8.403146368715083,18.795724089635854,15.97,11.83,15.02,57.18,1,50,100,结构预测质量较差，多数区域预测不可靠，建议谨慎使用或重新预测
protein_backbone_17_esm_if_008,100,较差,16.5992175,2.275757731958763,2.2840453608247424,8.641830167597766,20.977220728291318,15.879999999999999,11.14,10.94,62.03999999999999,1,50,100,结构预测质量较差，多数区域预测不可靠，建议谨慎使用或重新预测
protein_backbone_17_esm_if_009,100,较差,17.8303849,2.677968041237113,2.7318371134020625,9.673174301675978,22.06119299719888,13.389999999999999,8.9,7.580000000000001,70.13000000000001,1,50,100,结构预测质量较差，多数区域预测不可靠，建议谨慎使用或重新预测
protein_backbone_17_esm_if_010,100,较差,15.933774300000001,2.16780412371134,2.225154639175258,8.283839106145251,20.927423249299725,16.27,8.24,13.15,62.339999999999996,1,50,100,结构预测质量较差，多数区域预测不可靠，建议谨慎使用或重新预测
protein_backbone_18_esm_if_001,100,中等,13.4038405,1.9713628865979378,2.040672164948454,5.975158659217877,16.869736974789916,21.59,13.77,23.64,41.0,1,50,100,结构预测质量一般，部分区域可能不可靠，需要结合其他证据进行分析
protein_backbone_18_esm_if_002,100,较差,17.4333019,2.0119536082474228,2.0152268041237114,7.068150837988828,22.649605602240896,17.27,10.81,9.629999999999999,62.29,1,50,100,结构预测质量较差，多数区域预测不可靠，建议谨慎使用或重新预测
protein_backbone_18_esm_if_003,100,中等,14.605127899999998,1.8438360824742266,1.866261855670103,6.3718480446927375,18.38532100840336,20.71,8.72,17.330000000000002,53.239999999999995,1,50,100,结构预测质量一般，部分区域可能不可靠，需要结合其他证据进行分析
protein_backbone_18_esm_if_004,100,中等,14.9734283,2.4868092783505156,2.5007134020618556,8.294049162011174,18.342596918767505,15.45,9.07,18.16,57.32000000000001,1,50,100,结构预测质量一般，部分区域可能不可靠，需要结合其他证据进行分析
protein_backbone_18_esm_if_005,100,较差,18.8230276,2.81740412371134,2.839191752577319,9.884632402234638,23.188475070028012,11.790000000000001,8.72,8.6,70.89,1,50,100,结构预测质量较差，多数区域预测不可靠，建议谨慎使用或重新预测
protein_backbone_18_esm_if_006,100,较差,16.123493,2.841994845360825,2.8476453608247425,9.43762122905028,19.603556582633058,12.61,8.38,15.509999999999998,63.5,1,50,100,结构预测质量较差，多数区域预测不可靠，建议谨慎使用或重新预测
protein_backbone_18_esm_if_007,100,较差,16.1214199,2.304646391752577,2.3256494845360827,8.382354189944133,20.575745098039217,15.840000000000002,9.48,13.3,61.38,1,50,100,结构预测质量较差，多数区域预测不可靠，建议谨慎使用或重新预测
protein_backbone_18_esm_if_008,100,良好,9.1048034,0.8392721649484537,0.8550701030927836,2.3146,12.650896918767506,37.15,22.98,18.34,21.529999999999998,1,50,100,结构预测质量较好，主要区域的距离预测可靠，适合用于功能分析
protein_backbone_18_esm_if_009,100,较差,16.519321500000004,1.9075670103092783,1.9194453608247424,6.812760893854749,21.38967198879552,17.61,9.77,11.12,61.5,1,50,100,结构预测质量较差，多数区域预测不可靠，建议谨慎使用或重新预测
protein_backbone_18_esm_if_010,100,较差,17.613787,2.578914432989691,2.615517525773196,8.236678212290503,22.915283753501402,15.02,11.450000000000001,11.51,62.019999999999996,1,50,100,结构预测质量较差，多数区域预测不可靠，建议谨慎使用或重新预测
protein_backbone_19_esm_if_001,100,较差,16.707542100000005,2.234965979381444,2.261822680412371,6.706697206703911,21.215011484593838,16.89,13.16,12.139999999999999,57.809999999999995,1,50,100,结构预测质量较差，多数区域预测不可靠，建议谨慎使用或重新预测
protein_backbone_19_esm_if_002,100,较差,19.6537131,2.717817525773196,2.744047422680412,9.603996648044692,25.170229691876752,12.34,9.43,8.870000000000001,69.36,1,50,100,结构预测质量较差，多数区域预测不可靠，建议谨慎使用或重新预测
protein_backbone_19_esm_if_003,100,较差,17.176498600000002,1.7544298969072165,1.8136721649484535,6.01239217877095,22.5857918767507,17.65,12.17,12.68,57.49999999999999,1,50,100,结构预测质量较差，多数区域预测不可靠，建议谨慎使用或重新预测
protein_backbone_19_esm_if_004,100,较差,16.3288908,2.7166927835051546,2.734214432989691,9.894062569832402,20.7955593837535,12.839999999999998,8.01,14.27,64.88000000000001,1,50,100,结构预测质量较差，多数区域预测不可靠，建议谨慎使用或重新预测
protein_backbone_19_esm_if_005,100,较差,16.939230900000002,2.2410989690721648,2.2380268041237117,8.700641340782123,21.87452072829132,15.340000000000002,6.99,10.639999999999999,67.03,1,50,100,结构预测质量较差，多数区域预测不可靠，建议谨慎使用或重新预测
protein_backbone_19_esm_if_006,100,较差,17.317640400000002,3.880756701030928,3.9490371134020616,12.491922905027934,20.607257703081235,9.09,9.39,12.36,69.16,1,50,100,结构预测质量较差，多数区域预测不可靠，建议谨慎使用或重新预测
protein_backbone_19_esm_if_007,100,中等,11.323477,1.1985113402061855,1.2459051546391753,3.3967284916201117,15.785727731092436,29.630000000000003,20.11,17.62,32.64,1,50,100,结构预测质量一般，部分区域可能不可靠，需要结合其他证据进行分析
protein_backbone_19_esm_if_008,100,较差,17.738460500000002,2.164130927835052,2.1810288659793815,8.412674860335196,23.01054285714286,15.4,8.62,10.12,65.86,1,50,100,结构预测质量较差，多数区域预测不可靠，建议谨慎使用或重新预测
protein_backbone_19_esm_if_009,100,较差,15.315521299999999,2.07909381443299,2.1035876288659794,7.317620111731844,19.296896358543417,16.89,10.11,19.27,53.73,1,50,100,结构预测质量较差，多数区域预测不可靠，建议谨慎使用或重新预测
protein_backbone_19_esm_if_010,100,中等,11.140968,1.8485618556701031,1.8813608247422682,6.219030167597764,14.11436330532213,18.11,17.95,39.77,24.169999999999998,1,50,100,结构预测质量一般，部分区域可能不可靠，需要结合其他证据进行分析
protein_backbone_1_esm_if_001,100,较差,18.6663269,4.228478350515464,4.254542268041237,13.353310614525139,22.363074509803923,7.48,6.859999999999999,8.89,76.77000000000001,1,50,100,结构预测质量较差，多数区域预测不可靠，建议谨慎使用或重新预测
protein_backbone_1_esm_if_002,100,较差,18.694755999999998,3.596905154639175,3.601913402061855,12.272427932960895,22.46725098039216,9.41,7.449999999999999,8.75,74.39,1,50,100,结构预测质量较差，多数区域预测不可靠，建议谨慎使用或重新预测
protein_backbone_1_esm_if_003,100,较差,18.210340500000004,3.8018515463917524,3.8541092783505153,12.363846927374302,21.412767226890757,9.07,7.1,10.190000000000001,73.64,1,50,100,结构预测质量较差，多数区域预测不可靠，建议谨慎使用或重新预测
protein_backbone_1_esm_if_004,100,中等,14.528646799999999,3.0676546391752577,3.127828865979381,9.87642346368715,16.63028767507003,13.850000000000001,10.7,21.34,54.11,1,50,100,结构预测质量一般，部分区域可能不可靠，需要结合其他证据进行分析
protein_backbone_1_esm_if_005,100,较差,18.9728628,3.4163515463917524,3.5028350515463913,11.578856983240225,23.39135490196078,9.68,8.25,8.59,73.48,1,50,100,结构预测质量较差，多数区域预测不可靠，建议谨慎使用或重新预测
protein_backbone_1_esm_if_006,100,差,21.7836922,5.243725773195877,5.398294845360824,16.965575418994412,25.82173837535014,5.79,5.81,6.32,82.08,2,29,100,结构预测质量很差，大部分区域不可靠，不建议使用该预测结果
protein_backbone_1_esm_if_007,100,差,20.1289562,4.779942268041237,4.8923030927835045,15.732271508379888,23.805728851540614,6.5,6.23,7.04,80.23,1,37,100,结构预测质量很差，大部分区域不可靠，不建议使用该预测结果
protein_backbone_1_esm_if_008,100,较差,18.141343099999997,3.988723711340206,4.028377319587629,13.14027374301676,21.86469831932773,8.38,7.02,11.93,72.67,1,50,100,结构预测质量较差，多数区域预测不可靠，建议谨慎使用或重新预测
protein_backbone_1_esm_if_009,100,较差,17.431015600000002,2.146557731958763,2.2112536082474223,7.014886033519553,23.039554621848737,16.85,11.88,11.84,59.43000000000001,1,50,100,结构预测质量较差，多数区域预测不可靠，建议谨慎使用或重新预测
protein_backbone_1_esm_if_010,100,较差,17.173233500000002,3.2750886597938145,3.2971360824742266,11.07994748603352,20.616936974789915,10.13,8.06,13.18,68.63,1,50,100,结构预测质量较差，多数区域预测不可靠，建议谨慎使用或重新预测
protein_backbone_2_esm_if_001,100,较差,17.4064779,2.8328268041237115,2.8804783505154643,9.104558659217878,22.772778711484595,15.1,11.25,9.379999999999999,64.27000000000001,1,50,100,结构预测质量较差，多数区域预测不可靠，建议谨慎使用或重新预测
protein_backbone_2_esm_if_002,100,较差,17.6390537,2.925584536082474,2.9759484536082477,9.99854748603352,21.751649579831934,12.41,8.649999999999999,13.089999999999998,65.85,1,50,100,结构预测质量较差，多数区域预测不可靠，建议谨慎使用或重新预测
protein_backbone_2_esm_if_003,100,较差,16.426666700000002,2.6633536082474225,2.7095505154639175,9.853431284916201,20.49626554621849,13.01,8.780000000000001,11.34,66.86999999999999,1,50,100,结构预测质量较差，多数区域预测不可靠，建议谨慎使用或重新预测
protein_backbone_2_esm_if_004,100,较差,17.6122455,3.941163917525773,4.009257731958764,12.81539217877095,21.259388235294118,8.14,7.46,13.26,71.14,1,50,100,结构预测质量较差，多数区域预测不可靠，建议谨慎使用或重新预测
protein_backbone_2_esm_if_005,100,较差,19.8758739,3.2751731958762886,3.406375257731959,10.92482346368715,24.21973221288515,11.05,9.049999999999999,7.82,72.08,1,50,100,结构预测质量较差，多数区域预测不可靠，建议谨慎使用或重新预测
protein_backbone_2_esm_if_006,100,较差,17.5884288,3.381722680412371,3.4405690721649487,10.600002234636872,21.18060280112045,10.45,9.27,16.63,63.65,1,50,100,结构预测质量较差，多数区域预测不可靠，建议谨慎使用或重新预测
protein_backbone_2_esm_if_007,100,较差,18.8069211,3.6149824742268044,3.623416494845361,12.5085843575419,23.201752661064425,9.29,6.909999999999999,8.86,74.94,1,50,100,结构预测质量较差，多数区域预测不可靠，建议谨慎使用或重新预测
protein_backbone_2_esm_if_008,100,较差,17.2194769,3.5658577319587628,3.6173917525773196,12.239140782122906,21.14436582633053,9.93,6.74,12.559999999999999,70.77,1,50,100,结构预测质量较差，多数区域预测不可靠，建议谨慎使用或重新预测
protein_backbone_2_esm_if_009,100,较差,17.6733729,2.8085896907216497,2.868841237113402,9.609878212290504,22.251197198879552,13.63,9.229999999999999,8.02,69.12,1,50,100,结构预测质量较差，多数区域预测不可靠，建议谨慎使用或重新预测
protein_backbone_2_esm_if_010,100,较差,17.434983199999998,2.7681298969072166,2.8244144329896903,10.14638659217877,22.389105602240896,12.07,9.11,10.69,68.13,1,50,100,结构预测质量较差，多数区域预测不可靠，建议谨慎使用或重新预测
protein_backbone_3_esm_if_001,100,较差,16.3822339,3.297560824742268,3.306098969072165,10.814500558659217,20.155157142857142,11.219999999999999,9.28,14.93,64.57000000000001,1,50,100,结构预测质量较差，多数区域预测不可靠，建议谨慎使用或重新预测
protein_backbone_3_esm_if_002,100,较差,16.1307381,3.0191505154639176,3.085767010309278,10.675939664804469,19.70168431372549,12.29,8.68,13.389999999999999,65.64,1,50,100,结构预测质量较差，多数区域预测不可靠，建议谨慎使用或重新预测
protein_backbone_3_esm_if_003,100,中等,14.960989799999998,2.7656072164948453,2.799463917525774,9.610329608938546,18.567566946778715,13.389999999999999,10.27,20.48,55.86,1,50,100,结构预测质量一般，部分区域可能不可靠，需要结合其他证据进行分析
protein_backbone_3_esm_if_004,100,较差,15.8716946,2.976547422680412,3.004762886597938,10.182156424581004,19.530766946778712,11.379999999999999,8.57,18.55,61.5,1,50,100,结构预测质量较差，多数区域预测不可靠，建议谨慎使用或重新预测
protein_backbone_3_esm_if_005,100,较差,16.266580200000003,2.94750412371134,2.9739298969072165,10.204220111731845,20.066517647058827,11.52,9.36,16.46,62.660000000000004,1,50,100,结构预测质量较差，多数区域预测不可靠，建议谨慎使用或重新预测
protein_backbone_3_esm_if_006,100,较差,17.953522800000002,4.829054639175258,4.928824742268041,14.982730726256984,20.73725238095238,6.49,6.54,10.879999999999999,76.09,1,44,100,结构预测质量较差，多数区域预测不可靠，建议谨慎使用或重新预测
protein_backbone_3_esm_if_007,100,较差,16.0720744,2.7853731958762884,2.784261855670103,9.538910614525138,19.99145406162465,12.53,9.879999999999999,16.41,61.18,1,50,100,结构预测质量较差，多数区域预测不可靠，建议谨慎使用或重新预测
protein_backbone_3_esm_if_008,100,较差,19.248027399999998,2.9488628865979383,2.942649484536082,10.079235754189943,24.293003641456583,11.27,9.879999999999999,9.65,69.19999999999999,1,50,100,结构预测质量较差，多数区域预测不可靠，建议谨慎使用或重新预测
protein_backbone_3_esm_if_009,100,较差,15.605232,2.4377453608247426,2.481241237113402,9.274562011173185,19.533668627450975,13.059999999999999,9.51,13.11,64.32,1,50,100,结构预测质量较差，多数区域预测不可靠，建议谨慎使用或重新预测
protein_backbone_3_esm_if_010,100,较差,17.6897375,2.883983505154639,2.9045979381443296,10.286887150837988,22.378019607843136,10.92,8.44,10.23,70.41,1,50,100,结构预测质量较差，多数区域预测不可靠，建议谨慎使用或重新预测
protein_backbone_4_esm_if_001,100,较差,17.602339999999998,4.645150515463918,4.727057731958763,14.621414525139667,20.546967226890757,7.76,5.67,12.67,73.9,1,30,100,结构预测质量较差，多数区域预测不可靠，建议谨慎使用或重新预测
protein_backbone_4_esm_if_002,100,较差,16.073745300000002,2.817694845360825,2.8565587628865976,10.385555307262573,19.126925210084032,12.27,8.1,12.93,66.7,1,50,100,结构预测质量较差，多数区域预测不可靠，建议谨慎使用或重新预测
protein_backbone_4_esm_if_003,100,较差,15.1570002,2.843205154639175,2.8538350515463917,9.92936312849162,17.970005882352943,12.9,7.53,18.29,61.28,1,50,100,结构预测质量较差，多数区域预测不可靠，建议谨慎使用或重新预测
protein_backbone_4_esm_if_004,100,较差,17.9789836,4.646536082474227,4.759090721649485,14.872877094972067,20.438234173669468,7.449999999999999,6.550000000000001,10.56,75.44,1,34,100,结构预测质量较差，多数区域预测不可靠，建议谨慎使用或重新预测
protein_backbone_4_esm_if_005,100,较差,16.694500299999998,2.865789690721649,2.855259793814432,9.618921787709498,19.46301988795518,12.950000000000001,7.35,15.740000000000002,63.959999999999994,1,50,100,结构预测质量较差，多数区域预测不可靠，建议谨慎使用或重新预测
protein_backbone_4_esm_if_006,100,较差,16.897374499999998,2.9269257731958764,2.913843298969072,10.041176536312848,20.266259103641456,11.52,7.779999999999999,12.770000000000001,67.93,1,50,100,结构预测质量较差，多数区域预测不可靠，建议谨慎使用或重新预测
protein_backbone_4_esm_if_007,100,较差,15.204865700000001,2.734743298969072,2.7798020618556705,9.43656312849162,18.618239495798317,12.839999999999998,13.15,14.02,59.99,1,50,100,结构预测质量较差，多数区域预测不可靠，建议谨慎使用或重新预测
protein_backbone_4_esm_if_008,100,较差,17.0206261,3.4747886597938145,3.5099567010309283,11.70460223463687,20.24209775910364,10.03,7.16,12.139999999999999,70.67,1,50,100,结构预测质量较差，多数区域预测不可靠，建议谨慎使用或重新预测
protein_backbone_4_esm_if_009,100,中等,14.580008900000001,2.605776288659794,2.602527835051547,8.725841340782123,17.157247338935573,14.09,10.67,17.98,57.26,1,50,100,结构预测质量一般，部分区域可能不可靠，需要结合其他证据进行分析
protein_backbone_4_esm_if_010,100,中等,14.471558299999998,2.4868783505154637,2.52400618556701,8.802254748603351,17.509659663865545,13.4,10.72,21.89,53.99,1,50,100,结构预测质量一般，部分区域可能不可靠，需要结合其他证据进行分析
protein_backbone_5_esm_if_001,100,较差,16.8489633,3.0200463917525773,3.045441237113402,10.163014525139666,19.969689915966388,12.25,8.41,11.940000000000001,67.4,1,50,100,结构预测质量较差，多数区域预测不可靠，建议谨慎使用或重新预测
protein_backbone_5_esm_if_002,100,较差,15.6314487,2.2701680412371137,2.2876597938144325,8.645029050279332,18.573300280112043,14.64,8.49,13.41,63.46000000000001,1,50,100,结构预测质量较差，多数区域预测不可靠，建议谨慎使用或重新预测
protein_backbone_5_esm_if_003,100,较差,16.981831,2.7804577319587627,2.8128144329896907,9.4325687150838,20.139403361344538,13.16,8.27,12.07,66.5,1,50,100,结构预测质量较差，多数区域预测不可靠，建议谨慎使用或重新预测
protein_backbone_5_esm_if_004,100,较差,17.4022422,4.0016505154639175,4.060534020618556,12.769708379888268,20.61865630252101,8.450000000000001,7.249999999999999,12.53,71.77,1,50,100,结构预测质量较差，多数区域预测不可靠，建议谨慎使用或重新预测
protein_backbone_5_esm_if_005,100,较差,17.803134,2.8146494845360825,2.826435051546392,9.398040223463687,21.490971988795515,12.82,8.690000000000001,9.67,68.82000000000001,1,50,100,结构预测质量较差，多数区域预测不可靠，建议谨慎使用或重新预测
protein_backbone_5_esm_if_006,100,较差,16.9317272,3.7062835051546394,3.8012103092783507,12.368129608938546,19.70727955182073,10.02,7.199999999999999,11.84,70.94,1,50,100,结构预测质量较差，多数区域预测不可靠，建议谨慎使用或重新预测
protein_backbone_5_esm_if_007,100,较差,18.5117229,3.632314432989691,3.665371134020619,11.997346368715084,22.23749327731092,9.379999999999999,7.71,9.55,73.36,1,50,100,结构预测质量较差，多数区域预测不可靠，建议谨慎使用或重新预测
protein_backbone_5_esm_if_008,100,中等,13.621813899999996,2.1170536082474225,2.110358762886598,7.2334916201117325,16.714739775910363,16.24,11.709999999999999,21.82,50.23,1,50,100,结构预测质量一般，部分区域可能不可靠，需要结合其他证据进行分析
protein_backbone_5_esm_if_009,100,中等,14.5117707,2.363151546391752,2.405668041237113,8.726151955307262,17.41973025210084,14.56,10.94,20.54,53.959999999999994,1,50,100,结构预测质量一般，部分区域可能不可靠，需要结合其他证据进行分析
protein_backbone_5_esm_if_010,100,较差,17.7128709,3.253109278350515,3.273249484536082,11.526075977653631,21.814173389355737,11.09,7.02,10.65,71.24000000000001,1,50,100,结构预测质量较差，多数区域预测不可靠，建议谨慎使用或重新预测
protein_backbone_6_esm_if_001,100,差,23.8286594,5.4716969072164945,5.622810309278351,17.325806703910615,28.227237815126053,5.1,5.82,5.91,83.17,2,10,100,结构预测质量很差，大部分区域不可靠，不建议使用该预测结果
protein_backbone_6_esm_if_002,100,中等,14.4186434,1.9304659793814432,2.033484536082474,6.083176536312849,18.141410924369747,19.759999999999998,14.979999999999999,17.65,47.61,1,50,100,结构预测质量一般，部分区域可能不可靠，需要结合其他证据进行分析
protein_backbone_6_esm_if_003,100,较差,17.2665373,2.429723711340206,2.5016432989690722,7.734757541899442,21.08968319327731,13.889999999999999,11.469999999999999,13.19,61.45,1,50,100,结构预测质量较差，多数区域预测不可靠，建议谨慎使用或重新预测
protein_backbone_6_esm_if_004,100,差,23.3780541,5.744772164948453,5.922527835051548,19.09601340782123,27.02373697478992,5.050000000000001,5.08,5.3,84.57000000000001,2,6,65,结构预测质量很差，大部分区域不可靠，不建议使用该预测结果
protein_backbone_6_esm_if_005,100,差,22.710281,4.410100000000001,4.563923711340205,14.9372625698324,27.59406274509804,8.21,7.06,6.279999999999999,78.45,2,41,100,结构预测质量很差，大部分区域不可靠，不建议使用该预测结果
protein_backbone_6_esm_if_006,100,差,23.727661599999998,5.584405154639175,5.7193237113402065,18.553074860335197,27.85715798319328,5.36,5.43,5.4399999999999995,83.77,1,18,91,结构预测质量很差，大部分区域不可靠，不建议使用该预测结果
protein_backbone_6_esm_if_007,100,差,22.52775,4.024124742268041,4.164769072164948,13.31468938547486,27.727999159663863,8.94,7.249999999999999,6.710000000000001,77.10000000000001,1,50,100,结构预测质量很差，大部分区域不可靠，不建议使用该预测结果
protein_backbone_6_esm_if_008,100,差,22.0634273,4.556642268041236,4.637301030927834,14.810109497206703,26.41833893557423,7.01,6.5600000000000005,6.21,80.22,1,50,100,结构预测质量很差，大部分区域不可靠，不建议使用该预测结果
protein_backbone_6_esm_if_009,100,差,24.0364154,5.1326618556701025,5.302783505154639,17.387020111731847,28.569407002801118,6.04,6.03,5.3,82.63000000000001,1,25,100,结构预测质量很差，大部分区域不可靠，不建议使用该预测结果
protein_backbone_6_esm_if_010,100,差,21.445109499999997,4.956419587628867,5.074082474226805,15.130162011173185,25.62424733893557,6.13,6.859999999999999,6.4799999999999995,80.53,1,38,100,结构预测质量很差，大部分区域不可靠，不建议使用该预测结果
protein_backbone_7_esm_if_001,100,中等,12.715824900000001,1.6941020618556701,1.6929731958762886,6.265702793296089,16.712595518207284,24.19,12.479999999999999,12.5,50.83,1,50,100,结构预测质量一般，部分区域可能不可靠，需要结合其他证据进行分析
protein_backbone_7_esm_if_002,100,中等,14.2807734,1.9794927835051546,1.993084536082474,7.271108379888268,18.178821568627455,18.029999999999998,8.14,14.799999999999999,59.03,1,50,100,结构预测质量一般，部分区域可能不可靠，需要结合其他证据进行分析
protein_backbone_7_esm_if_003,100,较差,16.2721236,2.594568041237113,2.6100309278350515,8.85093407821229,19.66288907563025,13.950000000000001,8.459999999999999,13.350000000000001,64.24,1,50,100,结构预测质量较差，多数区域预测不可靠，建议谨慎使用或重新预测
protein_backbone_7_esm_if_004,100,较差,17.695777999999997,3.4814773195876283,3.5702927835051543,11.807768715083798,21.694624369747903,10.67,8.07,8.04,73.22,1,50,100,结构预测质量较差，多数区域预测不可靠，建议谨慎使用或重新预测
protein_backbone_7_esm_if_005,100,较差,15.878855999999999,2.7699587628865983,2.8094927835051546,9.336101675977654,19.371657142857142,12.879999999999999,9.64,15.43,62.050000000000004,1,50,100,结构预测质量较差，多数区域预测不可靠，建议谨慎使用或重新预测
protein_backbone_7_esm_if_006,100,中等,14.50779,1.81799793814433,1.8414948453608244,6.394924022346368,18.49401428571429,19.35,10.25,16.72,53.68000000000001,1,50,100,结构预测质量一般，部分区域可能不可靠，需要结合其他证据进行分析
protein_backbone_7_esm_if_007,100,较差,17.8580682,3.2483855670103097,3.289039175257732,11.064472625698324,22.341103081232493,10.65,8.38,9.67,71.3,1,50,100,结构预测质量较差，多数区域预测不可靠，建议谨慎使用或重新预测
protein_backbone_7_esm_if_008,100,较差,15.387657999999998,2.4030907216494852,2.425092783505155,8.434610055865921,19.062610644257703,15.709999999999999,13.900000000000002,16.520000000000003,53.87,1,50,100,结构预测质量较差，多数区域预测不可靠，建议谨慎使用或重新预测
protein_backbone_7_esm_if_009,100,中等,13.558117600000001,2.226284536082474,2.279703092783505,8.235817877094972,17.075818487394958,16.57,9.629999999999999,22.11,51.690000000000005,1,50,100,结构预测质量一般，部分区域可能不可靠，需要结合其他证据进行分析
protein_backbone_7_esm_if_010,100,中等,13.492598599999997,2.1465793814432987,2.1724350515463913,7.326366480446926,17.314667507002802,25.39,12.870000000000001,10.12,51.62,1,50,100,结构预测质量一般，部分区域可能不可靠，需要结合其他证据进行分析
protein_backbone_8_esm_if_001,100,较差,18.7841202,3.7080226804123715,3.7533030927835047,12.56959217877095,22.922547899159664,8.799999999999999,7.55,8.98,74.67,1,50,100,结构预测质量较差，多数区域预测不可靠，建议谨慎使用或重新预测
protein_backbone_8_esm_if_002,100,较差,19.520756900000002,3.1840103092783503,3.198259793814433,10.144092737430167,24.06201848739496,11.19,8.469999999999999,11.200000000000001,69.14,1,50,100,结构预测质量较差，多数区域预测不可靠，建议谨慎使用或重新预测
protein_backbone_8_esm_if_003,100,较差,19.39073,4.339259793814433,4.395645360824742,14.588668156424582,23.377350700280115,8.05,6.0,7.22,78.73,1,42,100,结构预测质量较差，多数区域预测不可靠，建议谨慎使用或重新预测
protein_backbone_8_esm_if_004,100,中等,14.4792907,2.946421649484536,2.9629319587628866,9.976245810055866,17.83916106442577,12.629999999999999,13.01,20.93,53.43,1,50,100,结构预测质量一般，部分区域可能不可靠，需要结合其他证据进行分析
protein_backbone_8_esm_if_005,100,较差,15.3796299,2.312940206185567,2.3045360824742263,8.205018994413408,19.566538655462185,15.690000000000001,10.639999999999999,15.659999999999998,58.01,1,50,100,结构预测质量较差，多数区域预测不可靠，建议谨慎使用或重新预测
protein_backbone_8_esm_if_006,100,较差,19.224188199999997,3.754171134020619,3.814342268041237,11.967355307262569,23.486230252100842,9.33,8.5,8.92,73.25,1,50,100,结构预测质量较差，多数区域预测不可靠，建议谨慎使用或重新预测
protein_backbone_8_esm_if_007,100,较差,16.315136600000002,2.8256061855670107,2.8195896907216493,9.578478212290502,20.37401932773109,13.530000000000001,8.95,17.43,60.089999999999996,1,50,100,结构预测质量较差，多数区域预测不可靠，建议谨慎使用或重新预测
protein_backbone_8_esm_if_008,100,中等,14.795801299999997,2.7212226804123714,2.741490721649485,9.348808938547487,18.07496974789916,14.299999999999999,11.959999999999999,14.67,59.07,1,50,100,结构预测质量一般，部分区域可能不可靠，需要结合其他证据进行分析
protein_backbone_8_esm_if_009,100,较差,17.3244544,2.0216268041237115,2.01799793814433,7.0902536312849165,23.15582156862745,20.27,11.09,8.53,60.11,1,50,100,结构预测质量较差，多数区域预测不可靠，建议谨慎使用或重新预测
protein_backbone_8_esm_if_010,100,较差,15.4907044,2.6712577319587627,2.7015670103092777,9.233368715083799,19.892810084033613,14.530000000000001,9.86,15.42,60.19,1,50,100,结构预测质量较差，多数区域预测不可靠，建议谨慎使用或重新预测
protein_backbone_9_esm_if_001,100,较差,17.4478503,2.872169072164948,2.9183958762886597,9.375499441340782,22.219827731092437,12.9,9.569999999999999,15.78,61.75000000000001,1,50,100,结构预测质量较差，多数区域预测不可靠，建议谨慎使用或重新预测
protein_backbone_9_esm_if_002,100,较差,18.2513427,2.8320257731958765,2.85660206185567,10.473546368715084,22.81059411764706,12.709999999999999,7.109999999999999,7.64,72.54,1,50,100,结构预测质量较差，多数区域预测不可靠，建议谨慎使用或重新预测
protein_backbone_9_esm_if_003,100,较差,16.1203549,1.8903030927835052,1.9431402061855667,7.207049162011175,19.953138655462187,18.78,10.43,12.11,58.68,1,50,100,结构预测质量较差，多数区域预测不可靠，建议谨慎使用或重新预测
protein_backbone_9_esm_if_004,100,较差,16.2225398,3.0522536082474225,3.0881134020618553,10.01075530726257,19.795460784313722,12.590000000000002,9.67,15.459999999999999,62.28,1,50,100,结构预测质量较差，多数区域预测不可靠，建议谨慎使用或重新预测
protein_backbone_9_esm_if_005,100,较差,18.778687899999998,2.8101680412371133,2.821505154639175,9.88391284916201,23.443524089635854,12.76,7.93,10.45,68.86,1,50,100,结构预测质量较差，多数区域预测不可靠，建议谨慎使用或重新预测
protein_backbone_9_esm_if_006,100,较差,18.6538913,4.490949484536082,4.573051546391752,14.024893854748601,21.981210924369748,7.41,6.2700000000000005,8.06,78.25999999999999,1,39,100,结构预测质量较差，多数区域预测不可靠，建议谨慎使用或重新预测
protein_backbone_9_esm_if_007,100,差,21.6333817,4.007684536082474,4.088767010309279,12.566367597765362,26.60539131652661,8.68,8.219999999999999,7.22,75.88000000000001,1,50,100,结构预测质量很差，大部分区域不可靠，不建议使用该预测结果
protein_backbone_9_esm_if_008,100,较差,18.757629499999997,4.716265979381443,4.780835051546392,14.853530726256983,21.988433333333333,6.99,6.23,10.34,76.44,1,36,100,结构预测质量较差，多数区域预测不可靠，建议谨慎使用或重新预测
protein_backbone_9_esm_if_009,100,中等,14.904702499999999,2.1612288659793815,2.168837113402062,7.266848044692737,19.311856582633055,17.549999999999997,11.129999999999999,17.26,54.059999999999995,1,50,100,结构预测质量一般，部分区域可能不可靠，需要结合其他证据进行分析
protein_backbone_9_esm_if_010,100,较差,17.432854000000003,2.9599175257731956,3.009979381443299,10.130015642458103,22.109996918767507,11.959999999999999,8.75,10.77,68.52000000000001,1,50,100,结构预测质量较差，多数区域预测不可靠，建议谨慎使用或重新预测
